timestamp,sala,tipo_sensor,valor,topico
2025-11-14 18:54:31,sala2,temp,22.49,lan/sala2/sensor/temp
2025-11-14 18:54:32,sala1,temp,20.27,lan/sala1/sensor/temp
2025-11-14 18:54:33,sala1,hum,58.18,lan/sala1/sensor/hum
2025-11-14 18:54:33,sala2,temp,18.65,lan/sala2/sensor/temp
2025-11-14 18:54:34,sala1,temp,22.86,lan/sala1/sensor/temp
2025-11-14 18:54:35,sala1,hum,52.91,lan/sala1/sensor/hum
2025-11-14 18:54:35,sala2,temp,26.85,lan/sala2/sensor/temp
2025-11-14 18:54:36,sala1,temp,24.84,lan/sala1/sensor/temp
2025-11-14 18:54:37,sala1,hum,53.89,lan/sala1/sensor/hum
2025-11-14 18:54:37,sala2,temp,19.48,lan/sala2/sensor/temp
2025-11-14 18:54:38,sala1,temp,23.7,lan/sala1/sensor/temp
2025-11-14 18:54:39,sala1,hum,53.42,lan/sala1/sensor/hum
2025-11-14 18:54:39,sala2,temp,18.34,lan/sala2/sensor/temp
2025-11-14 18:54:40,sala1,temp,19.74,lan/sala1/sensor/temp
2025-11-14 18:54:41,sala1,hum,60.99,lan/sala1/sensor/hum
2025-11-14 18:54:41,sala2,temp,18.84,lan/sala2/sensor/temp
2025-11-14 18:54:42,sala1,temp,26.25,lan/sala1/sensor/temp
2025-11-14 18:54:43,sala1,hum,37.29,lan/sala1/sensor/hum
2025-11-14 18:54:43,sala2,temp,25.43,lan/sala2/sensor/temp
2025-11-14 18:54:44,sala1,temp,25.16,lan/sala1/sensor/temp
2025-11-14 18:54:45,sala1,hum,49.61,lan/sala1/sensor/hum
2025-11-14 18:54:45,sala2,temp,26.12,lan/sala2/sensor/temp
2025-11-14 18:54:46,sala1,temp,20.29,lan/sala1/sensor/temp
2025-11-14 18:54:47,sala1,hum,34.58,lan/sala1/sensor/hum
2025-11-14 18:54:47,sala2,temp,21.26,lan/sala2/sensor/temp
2025-11-14 18:54:48,sala1,temp,20.42,lan/sala1/sensor/temp
2025-11-14 18:54:49,sala1,hum,48.55,lan/sala1/sensor/hum
2025-11-14 18:54:49,sala2,temp,24.4,lan/sala2/sensor/temp
2025-11-14 18:54:50,sala1,temp,21.38,lan/sala1/sensor/temp
2025-11-14 18:54:51,sala1,hum,49.13,lan/sala1/sensor/hum
2025-11-14 18:54:51,sala2,temp,23.57,lan/sala2/sensor/temp
2025-11-14 18:54:52,sala1,temp,19.77,lan/sala1/sensor/temp
2025-11-14 18:54:53,sala1,hum,52.54,lan/sala1/sensor/hum
2025-11-14 18:54:53,sala2,temp,19.66,lan/sala2/sensor/temp
2025-11-14 18:54:54,sala1,temp,19.68,lan/sala1/sensor/temp
2025-11-14 18:54:55,sala1,hum,50.63,lan/sala1/sensor/hum
2025-11-14 18:54:55,sala2,temp,24.97,lan/sala2/sensor/temp
2025-11-14 18:54:56,sala1,temp,27.28,lan/sala1/sensor/temp
2025-11-14 18:54:57,sala1,hum,50.82,lan/sala1/sensor/hum
2025-11-14 18:54:57,sala2,temp,18.81,lan/sala2/sensor/temp
2025-11-14 18:54:58,sala1,temp,27.32,lan/sala1/sensor/temp
2025-11-14 18:54:59,sala1,hum,31.39,lan/sala1/sensor/hum
2025-11-14 18:54:59,sala2,temp,26.15,lan/sala2/sensor/temp
2025-11-14 18:55:00,sala1,temp,19.29,lan/sala1/sensor/temp
2025-11-14 18:55:01,sala1,hum,65.34,lan/sala1/sensor/hum
2025-11-14 18:55:01,sala2,temp,19.82,lan/sala2/sensor/temp
2025-11-14 18:55:02,sala1,temp,19.22,lan/sala1/sensor/temp
2025-11-14 18:55:03,sala1,hum,36.17,lan/sala1/sensor/hum
2025-11-14 18:55:03,sala2,temp,27.26,lan/sala2/sensor/temp
2025-11-14 18:55:04,sala1,temp,21.81,lan/sala1/sensor/temp
2025-11-14 18:55:05,sala1,hum,44.54,lan/sala1/sensor/hum
2025-11-14 18:55:05,sala2,temp,19.02,lan/sala2/sensor/temp
2025-11-14 18:55:06,sala1,temp,27.07,lan/sala1/sensor/temp
2025-11-14 18:55:07,sala1,hum,53.93,lan/sala1/sensor/hum
2025-11-14 18:55:07,sala2,temp,27.0,lan/sala2/sensor/temp
2025-11-14 18:55:08,sala1,temp,23.19,lan/sala1/sensor/temp
2025-11-14 18:55:09,sala1,hum,49.81,lan/sala1/sensor/hum
2025-11-14 18:55:09,sala2,temp,27.64,lan/sala2/sensor/temp
2025-11-14 18:55:10,sala1,temp,27.02,lan/sala1/sensor/temp
2025-11-14 18:55:11,sala1,hum,62.48,lan/sala1/sensor/hum
2025-11-14 18:55:11,sala2,temp,24.26,lan/sala2/sensor/temp
2025-11-14 18:55:12,sala1,temp,27.97,lan/sala1/sensor/temp
2025-11-14 18:55:13,sala1,hum,58.6,lan/sala1/sensor/hum
2025-11-14 18:55:13,sala2,temp,20.74,lan/sala2/sensor/temp
2025-11-14 18:55:14,sala1,temp,21.1,lan/sala1/sensor/temp
2025-11-14 18:55:15,sala1,hum,64.77,lan/sala1/sensor/hum
2025-11-14 18:55:15,sala2,temp,19.25,lan/sala2/sensor/temp
2025-11-14 18:55:16,sala1,temp,25.25,lan/sala1/sensor/temp
2025-11-14 18:55:17,sala1,hum,39.55,lan/sala1/sensor/hum
2025-11-14 18:55:17,sala2,temp,21.34,lan/sala2/sensor/temp
2025-11-14 18:55:18,sala1,temp,21.89,lan/sala1/sensor/temp
2025-11-14 18:55:19,sala1,hum,69.49,lan/sala1/sensor/hum
2025-11-14 18:55:19,sala2,temp,27.08,lan/sala2/sensor/temp
2025-11-14 18:55:20,sala1,temp,24.97,lan/sala1/sensor/temp
2025-11-14 18:55:21,sala1,hum,35.11,lan/sala1/sensor/hum
2025-11-14 18:55:21,sala2,temp,21.93,lan/sala2/sensor/temp
2025-11-14 18:55:22,sala1,temp,19.2,lan/sala1/sensor/temp
2025-11-14 18:55:23,sala1,hum,57.33,lan/sala1/sensor/hum
2025-11-14 18:55:23,sala2,temp,21.64,lan/sala2/sensor/temp
2025-11-14 18:55:24,sala1,temp,26.42,lan/sala1/sensor/temp
2025-11-14 18:55:25,sala1,hum,45.12,lan/sala1/sensor/hum
2025-11-14 18:55:25,sala2,temp,20.95,lan/sala2/sensor/temp
2025-11-14 18:55:26,sala1,temp,26.35,lan/sala1/sensor/temp
2025-11-14 18:55:27,sala1,hum,45.78,lan/sala1/sensor/hum
2025-11-14 18:55:27,sala2,temp,20.83,lan/sala2/sensor/temp
2025-11-14 18:55:28,sala1,temp,23.5,lan/sala1/sensor/temp
2025-11-14 18:55:29,sala1,hum,57.78,lan/sala1/sensor/hum
2025-11-14 18:55:29,sala2,temp,18.46,lan/sala2/sensor/temp
2025-11-14 18:55:30,sala1,temp,25.14,lan/sala1/sensor/temp
2025-11-14 18:55:31,sala1,hum,30.47,lan/sala1/sensor/hum
2025-11-14 18:55:31,sala2,temp,21.61,lan/sala2/sensor/temp
2025-11-14 18:55:32,sala1,temp,27.14,lan/sala1/sensor/temp
2025-11-14 18:55:33,sala1,hum,42.12,lan/sala1/sensor/hum
2025-11-14 18:55:33,sala2,temp,26.41,lan/sala2/sensor/temp
2025-11-14 18:55:34,sala1,temp,26.48,lan/sala1/sensor/temp
2025-11-14 18:55:35,sala1,hum,48.41,lan/sala1/sensor/hum
2025-11-14 18:55:35,sala2,temp,21.76,lan/sala2/sensor/temp
2025-11-14 18:55:36,sala1,temp,22.19,lan/sala1/sensor/temp
2025-11-14 18:55:37,sala1,hum,56.73,lan/sala1/sensor/hum
2025-11-14 18:55:37,sala2,temp,26.52,lan/sala2/sensor/temp
2025-11-14 18:55:38,sala1,temp,25.0,lan/sala1/sensor/temp
2025-11-14 18:55:39,sala1,hum,65.98,lan/sala1/sensor/hum
2025-11-14 18:55:39,sala2,temp,19.06,lan/sala2/sensor/temp
2025-11-14 18:55:40,sala1,temp,18.83,lan/sala1/sensor/temp
2025-11-14 18:55:41,sala1,hum,38.28,lan/sala1/sensor/hum
2025-11-14 18:55:41,sala2,temp,19.16,lan/sala2/sensor/temp
2025-11-14 18:55:42,sala1,temp,25.33,lan/sala1/sensor/temp
2025-11-14 18:55:43,sala1,hum,30.52,lan/sala1/sensor/hum
2025-11-14 18:55:43,sala2,temp,26.18,lan/sala2/sensor/temp
2025-11-14 18:55:44,sala1,temp,21.76,lan/sala1/sensor/temp
2025-11-14 18:55:45,sala1,hum,55.42,lan/sala1/sensor/hum
2025-11-14 18:55:45,sala2,temp,22.84,lan/sala2/sensor/temp
2025-11-14 18:55:46,sala1,temp,26.52,lan/sala1/sensor/temp
2025-11-14 18:55:47,sala1,hum,54.82,lan/sala1/sensor/hum
2025-11-14 18:55:47,sala2,temp,23.24,lan/sala2/sensor/temp
2025-11-14 18:55:48,sala1,temp,24.23,lan/sala1/sensor/temp
2025-11-14 18:55:49,sala1,hum,51.77,lan/sala1/sensor/hum
2025-11-14 18:55:49,sala2,temp,21.9,lan/sala2/sensor/temp
2025-11-14 18:55:50,sala1,temp,23.65,lan/sala1/sensor/temp
2025-11-14 18:55:51,sala1,hum,41.44,lan/sala1/sensor/hum
2025-11-14 18:55:51,sala2,temp,19.87,lan/sala2/sensor/temp
2025-11-14 18:55:52,sala1,temp,27.38,lan/sala1/sensor/temp
2025-11-14 18:55:53,sala1,hum,66.83,lan/sala1/sensor/hum
2025-11-14 18:55:53,sala2,temp,23.88,lan/sala2/sensor/temp
2025-11-14 18:55:54,sala1,temp,19.76,lan/sala1/sensor/temp
2025-11-14 18:55:55,sala1,hum,38.13,lan/sala1/sensor/hum
2025-11-14 18:55:55,sala2,temp,25.1,lan/sala2/sensor/temp
2025-11-14 18:55:56,sala1,temp,25.52,lan/sala1/sensor/temp
2025-11-14 18:55:57,sala1,hum,48.65,lan/sala1/sensor/hum
2025-11-14 18:55:57,sala2,temp,21.98,lan/sala2/sensor/temp
2025-11-14 18:55:58,sala1,temp,19.11,lan/sala1/sensor/temp
2025-11-14 18:55:59,sala1,hum,60.88,lan/sala1/sensor/hum
2025-11-14 18:55:59,sala2,temp,22.38,lan/sala2/sensor/temp
2025-11-14 18:56:00,sala1,temp,22.35,lan/sala1/sensor/temp
2025-11-14 18:56:01,sala1,hum,61.19,lan/sala1/sensor/hum
2025-11-14 18:56:01,sala2,temp,21.84,lan/sala2/sensor/temp
2025-11-14 18:56:02,sala1,temp,21.79,lan/sala1/sensor/temp
2025-11-14 18:56:03,sala1,hum,40.06,lan/sala1/sensor/hum
2025-11-14 18:56:03,sala2,temp,20.22,lan/sala2/sensor/temp
2025-11-14 18:56:04,sala1,temp,20.11,lan/sala1/sensor/temp
2025-11-14 18:56:05,sala1,hum,56.42,lan/sala1/sensor/hum
2025-11-14 18:56:05,sala2,temp,25.58,lan/sala2/sensor/temp
2025-11-14 18:56:06,sala1,temp,23.82,lan/sala1/sensor/temp
2025-11-14 18:56:07,sala1,hum,37.61,lan/sala1/sensor/hum
2025-11-14 18:56:07,sala2,temp,26.03,lan/sala2/sensor/temp
2025-11-14 18:56:08,sala1,temp,23.01,lan/sala1/sensor/temp
2025-11-14 18:56:09,sala1,hum,47.32,lan/sala1/sensor/hum
2025-11-14 18:56:09,sala2,temp,19.92,lan/sala2/sensor/temp
2025-11-14 18:56:10,sala1,temp,26.49,lan/sala1/sensor/temp
2025-11-14 18:56:11,sala1,hum,45.48,lan/sala1/sensor/hum
2025-11-14 18:56:11,sala2,temp,23.68,lan/sala2/sensor/temp
2025-11-14 18:56:12,sala1,temp,25.34,lan/sala1/sensor/temp
2025-11-14 18:56:13,sala1,hum,67.81,lan/sala1/sensor/hum
2025-11-14 18:56:13,sala2,temp,18.58,lan/sala2/sensor/temp
2025-11-14 18:56:14,sala1,temp,25.38,lan/sala1/sensor/temp
2025-11-14 18:56:15,sala1,hum,62.23,lan/sala1/sensor/hum
2025-11-14 18:56:15,sala2,temp,27.37,lan/sala2/sensor/temp
2025-11-14 18:56:16,sala1,temp,22.7,lan/sala1/sensor/temp
2025-11-14 18:56:17,sala1,hum,55.01,lan/sala1/sensor/hum
2025-11-14 18:56:17,sala2,temp,18.99,lan/sala2/sensor/temp
2025-11-14 18:56:18,sala1,temp,20.69,lan/sala1/sensor/temp
2025-11-14 18:56:19,sala1,hum,51.41,lan/sala1/sensor/hum
2025-11-14 18:56:19,sala2,temp,22.67,lan/sala2/sensor/temp
2025-11-14 18:56:20,sala1,temp,21.72,lan/sala1/sensor/temp
2025-11-14 18:56:21,sala1,hum,43.5,lan/sala1/sensor/hum
2025-11-14 18:56:21,sala2,temp,18.49,lan/sala2/sensor/temp
2025-11-14 18:56:22,sala1,temp,22.21,lan/sala1/sensor/temp
2025-11-14 18:56:23,sala1,hum,33.84,lan/sala1/sensor/hum
2025-11-14 18:56:23,sala2,temp,23.12,lan/sala2/sensor/temp
2025-11-14 18:56:24,sala1,temp,24.0,lan/sala1/sensor/temp
2025-11-14 18:56:25,sala1,hum,37.15,lan/sala1/sensor/hum
2025-11-14 18:56:25,sala2,temp,23.09,lan/sala2/sensor/temp
2025-11-14 18:56:26,sala1,temp,18.73,lan/sala1/sensor/temp
2025-11-14 18:56:27,sala1,hum,58.29,lan/sala1/sensor/hum
2025-11-14 18:56:27,sala2,temp,20.3,lan/sala2/sensor/temp
2025-11-14 18:56:28,sala1,temp,20.75,lan/sala1/sensor/temp
2025-11-14 18:56:29,sala1,hum,42.69,lan/sala1/sensor/hum
2025-11-14 18:56:29,sala2,temp,19.5,lan/sala2/sensor/temp
2025-11-14 18:56:30,sala1,temp,20.96,lan/sala1/sensor/temp
2025-11-14 18:56:31,sala1,hum,63.32,lan/sala1/sensor/hum
2025-11-14 18:56:31,sala2,temp,23.2,lan/sala2/sensor/temp
2025-11-14 18:56:32,sala1,temp,22.68,lan/sala1/sensor/temp
2025-11-14 18:56:33,sala1,hum,44.47,lan/sala1/sensor/hum
2025-11-14 18:56:33,sala2,temp,20.33,lan/sala2/sensor/temp
2025-11-14 18:56:34,sala1,temp,23.89,lan/sala1/sensor/temp
2025-11-14 18:56:35,sala1,hum,48.5,lan/sala1/sensor/hum
2025-11-14 18:56:35,sala2,temp,24.28,lan/sala2/sensor/temp
2025-11-14 18:56:36,sala1,temp,19.84,lan/sala1/sensor/temp
2025-11-14 18:56:37,sala1,hum,39.28,lan/sala1/sensor/hum
2025-11-14 18:56:37,sala2,temp,25.21,lan/sala2/sensor/temp
2025-11-14 18:56:38,sala1,temp,26.59,lan/sala1/sensor/temp
2025-11-14 18:56:39,sala1,hum,54.96,lan/sala1/sensor/hum
2025-11-14 18:56:39,sala2,temp,19.03,lan/sala2/sensor/temp
2025-11-14 18:56:40,sala1,temp,26.35,lan/sala1/sensor/temp
2025-11-14 18:56:41,sala1,hum,48.38,lan/sala1/sensor/hum
2025-11-14 18:56:41,sala2,temp,26.64,lan/sala2/sensor/temp
2025-11-14 18:56:42,sala1,temp,18.55,lan/sala1/sensor/temp
2025-11-14 18:56:43,sala1,hum,53.18,lan/sala1/sensor/hum
2025-11-14 18:56:43,sala2,temp,22.49,lan/sala2/sensor/temp
2025-11-14 18:56:44,sala1,temp,25.12,lan/sala1/sensor/temp
2025-11-14 18:56:45,sala1,hum,38.31,lan/sala1/sensor/hum
2025-11-14 18:56:45,sala2,temp,24.66,lan/sala2/sensor/temp
2025-11-14 18:56:46,sala1,temp,20.83,lan/sala1/sensor/temp
2025-11-14 18:56:47,sala1,hum,57.62,lan/sala1/sensor/hum
2025-11-14 18:56:47,sala2,temp,24.68,lan/sala2/sensor/temp
2025-11-14 18:56:48,sala1,temp,27.08,lan/sala1/sensor/temp
2025-11-14 18:56:49,sala1,hum,36.89,lan/sala1/sensor/hum
2025-11-14 18:56:49,sala2,temp,26.27,lan/sala2/sensor/temp
2025-11-14 18:56:50,sala1,temp,25.01,lan/sala1/sensor/temp
2025-11-14 18:56:51,sala1,hum,38.15,lan/sala1/sensor/hum
2025-11-14 18:56:51,sala2,temp,25.11,lan/sala2/sensor/temp
2025-11-14 18:56:52,sala1,temp,19.04,lan/sala1/sensor/temp
2025-11-14 18:56:53,sala1,hum,67.14,lan/sala1/sensor/hum
2025-11-14 18:56:53,sala2,temp,26.26,lan/sala2/sensor/temp
2025-11-14 18:56:54,sala1,temp,23.18,lan/sala1/sensor/temp
2025-11-14 18:56:55,sala1,hum,64.86,lan/sala1/sensor/hum
2025-11-14 18:56:55,sala2,temp,24.77,lan/sala2/sensor/temp
2025-11-14 18:56:56,sala1,temp,24.62,lan/sala1/sensor/temp
2025-11-14 18:56:57,sala1,hum,56.77,lan/sala1/sensor/hum
2025-11-14 18:56:57,sala2,temp,21.55,lan/sala2/sensor/temp
2025-11-14 18:56:58,sala1,temp,20.52,lan/sala1/sensor/temp
2025-11-14 18:56:59,sala1,hum,40.78,lan/sala1/sensor/hum
2025-11-14 18:56:59,sala2,temp,26.25,lan/sala2/sensor/temp
2025-11-14 18:57:00,sala1,temp,21.97,lan/sala1/sensor/temp
2025-11-14 18:57:01,sala1,hum,40.02,lan/sala1/sensor/hum
2025-11-14 18:57:01,sala2,temp,24.7,lan/sala2/sensor/temp
2025-11-14 18:57:02,sala1,temp,21.64,lan/sala1/sensor/temp
2025-11-14 18:57:03,sala1,hum,45.75,lan/sala1/sensor/hum
2025-11-14 18:57:03,sala2,temp,21.16,lan/sala2/sensor/temp
2025-11-14 18:57:04,sala1,temp,21.06,lan/sala1/sensor/temp
2025-11-14 18:57:05,sala1,hum,50.94,lan/sala1/sensor/hum
2025-11-14 18:57:05,sala2,temp,20.2,lan/sala2/sensor/temp
2025-11-14 18:57:06,sala1,temp,22.85,lan/sala1/sensor/temp
2025-11-14 18:57:07,sala1,hum,66.33,lan/sala1/sensor/hum
2025-11-14 18:57:07,sala2,temp,26.36,lan/sala2/sensor/temp
2025-11-14 18:57:08,sala1,temp,22.94,lan/sala1/sensor/temp
2025-11-14 18:57:09,sala1,hum,34.3,lan/sala1/sensor/hum
2025-11-14 18:57:09,sala2,temp,18.9,lan/sala2/sensor/temp
2025-11-14 18:57:10,sala1,temp,18.6,lan/sala1/sensor/temp
2025-11-14 18:57:11,sala1,hum,53.77,lan/sala1/sensor/hum
2025-11-14 18:57:11,sala2,temp,27.8,lan/sala2/sensor/temp
2025-11-14 18:57:12,sala1,temp,19.35,lan/sala1/sensor/temp
2025-11-14 18:57:13,sala1,hum,53.9,lan/sala1/sensor/hum
2025-11-14 18:57:13,sala2,temp,25.19,lan/sala2/sensor/temp
2025-11-14 18:57:14,sala1,temp,22.49,lan/sala1/sensor/temp
2025-11-14 18:57:15,sala1,hum,63.17,lan/sala1/sensor/hum
2025-11-14 18:57:15,sala2,temp,26.65,lan/sala2/sensor/temp
2025-11-14 18:57:16,sala1,temp,26.3,lan/sala1/sensor/temp
2025-11-14 18:57:17,sala1,hum,61.12,lan/sala1/sensor/hum
2025-11-14 18:57:17,sala2,temp,19.37,lan/sala2/sensor/temp
2025-11-14 18:57:18,sala1,temp,22.4,lan/sala1/sensor/temp
2025-11-14 18:57:19,sala1,hum,47.26,lan/sala1/sensor/hum
2025-11-14 18:57:19,sala2,temp,20.36,lan/sala2/sensor/temp
2025-11-14 18:57:20,sala1,temp,18.67,lan/sala1/sensor/temp
2025-11-14 18:57:21,sala1,hum,42.8,lan/sala1/sensor/hum
2025-11-14 18:57:21,sala2,temp,22.21,lan/sala2/sensor/temp
2025-11-14 18:57:22,sala1,temp,27.39,lan/sala1/sensor/temp
2025-11-14 18:57:23,sala1,hum,68.04,lan/sala1/sensor/hum
2025-11-14 18:57:23,sala2,temp,21.6,lan/sala2/sensor/temp
2025-11-14 18:57:24,sala1,temp,24.67,lan/sala1/sensor/temp
2025-11-14 18:57:25,sala1,hum,50.46,lan/sala1/sensor/hum
2025-11-14 18:57:25,sala2,temp,23.36,lan/sala2/sensor/temp
2025-11-14 18:57:26,sala1,temp,26.36,lan/sala1/sensor/temp
2025-11-14 18:57:27,sala1,hum,47.38,lan/sala1/sensor/hum
2025-11-14 18:57:27,sala2,temp,19.07,lan/sala2/sensor/temp
2025-11-14 18:57:28,sala1,temp,24.19,lan/sala1/sensor/temp
2025-11-14 18:57:29,sala1,hum,38.68,lan/sala1/sensor/hum
2025-11-14 18:57:29,sala2,temp,26.16,lan/sala2/sensor/temp
2025-11-14 18:57:30,sala1,temp,26.3,lan/sala1/sensor/temp
2025-11-14 18:57:31,sala1,hum,44.26,lan/sala1/sensor/hum
2025-11-14 18:57:31,sala2,temp,27.09,lan/sala2/sensor/temp
2025-11-14 18:57:32,sala1,temp,23.13,lan/sala1/sensor/temp
2025-11-14 18:57:33,sala1,hum,45.27,lan/sala1/sensor/hum
2025-11-14 18:57:33,sala2,temp,19.98,lan/sala2/sensor/temp
2025-11-14 18:57:34,sala1,temp,27.84,lan/sala1/sensor/temp
2025-11-14 18:57:35,sala1,hum,56.22,lan/sala1/sensor/hum
2025-11-14 18:57:35,sala2,temp,26.73,lan/sala2/sensor/temp
2025-11-14 18:57:36,sala1,temp,23.86,lan/sala1/sensor/temp
2025-11-14 18:57:37,sala1,hum,56.67,lan/sala1/sensor/hum
2025-11-14 18:57:37,sala2,temp,20.19,lan/sala2/sensor/temp
2025-11-14 18:57:38,sala1,temp,23.08,lan/sala1/sensor/temp
2025-11-14 18:57:39,sala1,hum,69.23,lan/sala1/sensor/hum
2025-11-14 18:57:39,sala2,temp,23.04,lan/sala2/sensor/temp
2025-11-14 18:57:40,sala1,temp,18.95,lan/sala1/sensor/temp
2025-11-14 18:57:41,sala1,hum,55.49,lan/sala1/sensor/hum
2025-11-14 18:57:41,sala2,temp,20.84,lan/sala2/sensor/temp
2025-11-14 18:57:42,sala1,temp,18.65,lan/sala1/sensor/temp
2025-11-14 18:57:43,sala1,hum,30.38,lan/sala1/sensor/hum
2025-11-14 18:57:43,sala2,temp,21.2,lan/sala2/sensor/temp
2025-11-14 18:57:44,sala1,temp,24.75,lan/sala1/sensor/temp
2025-11-14 18:57:45,sala1,hum,39.78,lan/sala1/sensor/hum
2025-11-14 18:57:45,sala2,temp,21.74,lan/sala2/sensor/temp
2025-11-14 18:57:46,sala1,temp,22.4,lan/sala1/sensor/temp
2025-11-14 18:57:47,sala1,hum,46.89,lan/sala1/sensor/hum
2025-11-14 18:57:47,sala2,temp,26.45,lan/sala2/sensor/temp
2025-11-14 18:57:48,sala1,temp,19.31,lan/sala1/sensor/temp
2025-11-14 18:57:49,sala1,hum,45.65,lan/sala1/sensor/hum
2025-11-14 18:57:49,sala2,temp,23.06,lan/sala2/sensor/temp
2025-11-14 18:57:50,sala1,temp,25.27,lan/sala1/sensor/temp
2025-11-14 18:57:51,sala1,hum,55.04,lan/sala1/sensor/hum
2025-11-14 18:57:51,sala2,temp,20.41,lan/sala2/sensor/temp
2025-11-14 18:57:52,sala1,temp,27.66,lan/sala1/sensor/temp
2025-11-14 18:57:53,sala1,hum,62.4,lan/sala1/sensor/hum
2025-11-14 18:57:53,sala2,temp,19.93,lan/sala2/sensor/temp
2025-11-14 18:57:54,sala1,temp,25.72,lan/sala1/sensor/temp
2025-11-14 18:57:55,sala1,hum,45.77,lan/sala1/sensor/hum
2025-11-14 18:57:55,sala2,temp,18.98,lan/sala2/sensor/temp
2025-11-14 18:57:56,sala1,temp,18.56,lan/sala1/sensor/temp
2025-11-14 18:57:57,sala1,hum,67.92,lan/sala1/sensor/hum
2025-11-14 18:57:57,sala2,temp,19.87,lan/sala2/sensor/temp
2025-11-14 18:57:58,sala1,temp,22.03,lan/sala1/sensor/temp
2025-11-14 18:57:59,sala1,hum,34.59,lan/sala1/sensor/hum
2025-11-14 18:57:59,sala2,temp,20.16,lan/sala2/sensor/temp
2025-11-14 18:58:00,sala1,temp,26.78,lan/sala1/sensor/temp
2025-11-14 18:58:01,sala1,hum,32.87,lan/sala1/sensor/hum
2025-11-14 18:58:01,sala2,temp,22.12,lan/sala2/sensor/temp
2025-11-14 18:58:02,sala1,temp,18.59,lan/sala1/sensor/temp
2025-11-14 18:58:03,sala1,hum,48.08,lan/sala1/sensor/hum
2025-11-14 18:58:03,sala2,temp,20.1,lan/sala2/sensor/temp
2025-11-14 18:58:04,sala1,temp,25.38,lan/sala1/sensor/temp
2025-11-14 18:58:05,sala1,hum,65.69,lan/sala1/sensor/hum
2025-11-14 18:58:05,sala2,temp,27.75,lan/sala2/sensor/temp
2025-11-14 18:58:06,sala1,temp,25.63,lan/sala1/sensor/temp
2025-11-14 18:58:07,sala1,hum,42.0,lan/sala1/sensor/hum
2025-11-14 18:58:07,sala2,temp,22.08,lan/sala2/sensor/temp
2025-11-14 18:58:08,sala1,temp,20.94,lan/sala1/sensor/temp
2025-11-14 18:58:09,sala1,hum,42.82,lan/sala1/sensor/hum
2025-11-14 18:58:09,sala2,temp,21.87,lan/sala2/sensor/temp
2025-11-14 18:58:10,sala1,temp,22.42,lan/sala1/sensor/temp
2025-11-14 18:58:11,sala1,hum,67.84,lan/sala1/sensor/hum
2025-11-14 18:58:11,sala2,temp,20.56,lan/sala2/sensor/temp
2025-11-14 18:58:12,sala1,temp,20.72,lan/sala1/sensor/temp
2025-11-14 18:58:13,sala1,hum,58.3,lan/sala1/sensor/hum
2025-11-14 18:58:13,sala2,temp,23.42,lan/sala2/sensor/temp
2025-11-14 18:58:14,sala1,temp,20.01,lan/sala1/sensor/temp
2025-11-14 18:58:15,sala1,hum,31.18,lan/sala1/sensor/hum
2025-11-14 18:58:15,sala2,temp,18.44,lan/sala2/sensor/temp
2025-11-14 18:58:16,sala1,temp,23.92,lan/sala1/sensor/temp
2025-11-14 18:58:17,sala1,hum,36.1,lan/sala1/sensor/hum
2025-11-14 18:58:17,sala2,temp,21.38,lan/sala2/sensor/temp
2025-11-14 18:58:18,sala1,temp,20.03,lan/sala1/sensor/temp
2025-11-14 18:58:19,sala1,hum,57.23,lan/sala1/sensor/hum
2025-11-14 18:58:19,sala2,temp,18.18,lan/sala2/sensor/temp
2025-11-14 18:58:20,sala1,temp,27.22,lan/sala1/sensor/temp
2025-11-14 18:58:21,sala1,hum,53.56,lan/sala1/sensor/hum
2025-11-14 18:58:21,sala2,temp,23.19,lan/sala2/sensor/temp
2025-11-14 18:58:22,sala1,temp,21.67,lan/sala1/sensor/temp
2025-11-14 18:58:23,sala1,hum,68.56,lan/sala1/sensor/hum
2025-11-14 18:58:23,sala2,temp,27.66,lan/sala2/sensor/temp
2025-11-14 18:58:24,sala1,temp,24.83,lan/sala1/sensor/temp
2025-11-14 18:58:25,sala1,hum,41.6,lan/sala1/sensor/hum
2025-11-14 18:58:25,sala2,temp,22.32,lan/sala2/sensor/temp
2025-11-14 18:58:26,sala1,temp,27.63,lan/sala1/sensor/temp
2025-11-14 18:58:27,sala1,hum,66.07,lan/sala1/sensor/hum
2025-11-14 18:58:27,sala2,temp,25.21,lan/sala2/sensor/temp
2025-11-14 18:58:28,sala1,temp,20.59,lan/sala1/sensor/temp
2025-11-14 18:58:29,sala1,hum,41.37,lan/sala1/sensor/hum
2025-11-14 18:58:29,sala2,temp,26.47,lan/sala2/sensor/temp
2025-11-14 18:58:30,sala1,temp,25.3,lan/sala1/sensor/temp
2025-11-14 18:58:31,sala1,hum,31.37,lan/sala1/sensor/hum
2025-11-14 18:58:31,sala2,temp,23.95,lan/sala2/sensor/temp
2025-11-14 18:58:32,sala1,temp,18.37,lan/sala1/sensor/temp
2025-11-14 18:58:33,sala1,hum,59.82,lan/sala1/sensor/hum
2025-11-14 18:58:33,sala2,temp,27.98,lan/sala2/sensor/temp
2025-11-14 18:58:34,sala1,temp,23.29,lan/sala1/sensor/temp
2025-11-14 18:58:35,sala1,hum,40.42,lan/sala1/sensor/hum
2025-11-14 18:58:35,sala2,temp,21.74,lan/sala2/sensor/temp
2025-11-14 18:58:36,sala1,temp,20.03,lan/sala1/sensor/temp
2025-11-14 18:58:37,sala1,hum,58.35,lan/sala1/sensor/hum
2025-11-14 18:58:37,sala2,temp,20.03,lan/sala2/sensor/temp
2025-11-14 18:58:38,sala1,temp,27.12,lan/sala1/sensor/temp
2025-11-14 18:58:39,sala1,hum,55.53,lan/sala1/sensor/hum
2025-11-14 18:58:39,sala2,temp,19.25,lan/sala2/sensor/temp
2025-11-14 18:58:40,sala1,temp,20.83,lan/sala1/sensor/temp
2025-11-14 18:58:41,sala1,hum,45.69,lan/sala1/sensor/hum
2025-11-14 18:58:41,sala2,temp,20.43,lan/sala2/sensor/temp
2025-11-14 18:58:42,sala1,temp,22.81,lan/sala1/sensor/temp
2025-11-14 18:58:43,sala1,hum,59.43,lan/sala1/sensor/hum
2025-11-14 18:58:43,sala2,temp,22.82,lan/sala2/sensor/temp
2025-11-14 18:58:44,sala1,temp,18.47,lan/sala1/sensor/temp
2025-11-14 18:58:45,sala1,hum,41.55,lan/sala1/sensor/hum
2025-11-14 18:58:45,sala2,temp,19.48,lan/sala2/sensor/temp
2025-11-14 18:58:46,sala1,temp,21.33,lan/sala1/sensor/temp
2025-11-14 18:58:47,sala1,hum,55.82,lan/sala1/sensor/hum
2025-11-14 18:58:47,sala2,temp,23.15,lan/sala2/sensor/temp
2025-11-14 18:58:48,sala1,temp,18.16,lan/sala1/sensor/temp
2025-11-14 19:07:24,sala1,temp,19.95,lan/sala1/sensor/temp
2025-11-14 19:07:25,sala1,hum,59.61,lan/sala1/sensor/hum
2025-11-14 19:07:26,sala2,temp,19.3,lan/sala2/sensor/temp
2025-11-14 19:07:26,sala1,temp,27.4,lan/sala1/sensor/temp
2025-11-14 19:07:27,sala1,hum,30.25,lan/sala1/sensor/hum
2025-11-14 19:07:28,sala2,temp,20.34,lan/sala2/sensor/temp
2025-11-14 19:07:28,sala1,temp,22.96,lan/sala1/sensor/temp
2025-11-14 19:07:29,sala1,hum,34.87,lan/sala1/sensor/hum
2025-11-14 19:07:30,sala2,temp,23.31,lan/sala2/sensor/temp
2025-11-14 19:07:30,sala1,temp,22.52,lan/sala1/sensor/temp
2025-11-14 19:07:31,sala1,hum,42.93,lan/sala1/sensor/hum
2025-11-14 19:07:32,sala2,temp,21.13,lan/sala2/sensor/temp
2025-11-14 19:07:32,sala1,temp,22.78,lan/sala1/sensor/temp
2025-11-14 19:07:33,sala1,hum,43.25,lan/sala1/sensor/hum
2025-11-14 19:07:34,sala2,temp,26.21,lan/sala2/sensor/temp
2025-11-14 19:07:34,sala1,temp,18.49,lan/sala1/sensor/temp
2025-11-14 19:07:35,sala1,hum,31.87,lan/sala1/sensor/hum
2025-11-14 19:07:36,sala2,temp,24.82,lan/sala2/sensor/temp
2025-11-14 19:07:36,sala1,temp,23.32,lan/sala1/sensor/temp
2025-11-14 19:07:37,sala1,hum,52.64,lan/sala1/sensor/hum
2025-11-14 19:07:38,sala2,temp,20.89,lan/sala2/sensor/temp
2025-11-14 19:07:38,sala1,temp,22.79,lan/sala1/sensor/temp
2025-11-14 19:07:39,sala1,hum,42.45,lan/sala1/sensor/hum
2025-11-14 19:07:40,sala2,temp,23.84,lan/sala2/sensor/temp
2025-11-14 19:07:40,sala1,temp,20.91,lan/sala1/sensor/temp
2025-11-14 19:07:41,sala1,hum,45.03,lan/sala1/sensor/hum
2025-11-14 19:07:42,sala2,temp,23.49,lan/sala2/sensor/temp
2025-11-14 19:07:42,sala1,temp,23.22,lan/sala1/sensor/temp
2025-11-14 19:07:43,sala1,hum,49.41,lan/sala1/sensor/hum
2025-11-14 19:07:44,sala2,temp,19.23,lan/sala2/sensor/temp
2025-11-14 19:07:44,sala1,temp,22.78,lan/sala1/sensor/temp
2025-11-14 19:07:45,sala1,hum,55.88,lan/sala1/sensor/hum
2025-11-14 19:07:46,sala2,temp,18.81,lan/sala2/sensor/temp
2025-11-14 19:07:46,sala1,temp,25.88,lan/sala1/sensor/temp
2025-11-14 19:07:47,sala1,hum,53.39,lan/sala1/sensor/hum
2025-11-14 19:07:48,sala2,temp,23.04,lan/sala2/sensor/temp
2025-11-14 19:07:48,sala1,temp,20.7,lan/sala1/sensor/temp
2025-11-14 19:07:49,sala1,hum,35.25,lan/sala1/sensor/hum
2025-11-14 19:07:50,sala2,temp,26.37,lan/sala2/sensor/temp
2025-11-14 19:07:50,sala1,temp,20.11,lan/sala1/sensor/temp
2025-11-14 19:07:51,sala1,hum,68.93,lan/sala1/sensor/hum
2025-11-14 19:07:52,sala2,temp,19.21,lan/sala2/sensor/temp
2025-11-14 19:07:52,sala1,temp,20.51,lan/sala1/sensor/temp
2025-11-14 19:07:53,sala1,hum,40.67,lan/sala1/sensor/hum
2025-11-14 19:07:54,sala2,temp,25.12,lan/sala2/sensor/temp
2025-11-14 19:07:54,sala1,temp,18.23,lan/sala1/sensor/temp
2025-11-14 19:07:55,sala1,hum,52.43,lan/sala1/sensor/hum
2025-11-14 19:07:56,sala2,temp,24.68,lan/sala2/sensor/temp
2025-11-14 19:07:56,sala1,temp,27.72,lan/sala1/sensor/temp
2025-11-14 19:07:57,sala1,hum,56.88,lan/sala1/sensor/hum
2025-11-14 19:07:58,sala2,temp,22.39,lan/sala2/sensor/temp
2025-11-14 19:07:58,sala1,temp,25.13,lan/sala1/sensor/temp
2025-11-14 19:07:59,sala1,hum,30.52,lan/sala1/sensor/hum
2025-11-14 19:08:00,sala2,temp,22.38,lan/sala2/sensor/temp
2025-11-14 19:08:00,sala1,temp,21.89,lan/sala1/sensor/temp
2025-11-14 19:08:01,sala1,hum,68.55,lan/sala1/sensor/hum
2025-11-14 19:08:02,sala2,temp,22.47,lan/sala2/sensor/temp
2025-11-14 19:08:02,sala1,temp,18.13,lan/sala1/sensor/temp
2025-11-14 19:08:03,sala1,hum,58.71,lan/sala1/sensor/hum
2025-11-14 19:08:04,sala2,temp,26.14,lan/sala2/sensor/temp
2025-11-14 19:08:04,sala1,temp,19.74,lan/sala1/sensor/temp
2025-11-14 19:08:05,sala1,hum,38.26,lan/sala1/sensor/hum
2025-11-14 19:08:06,sala2,temp,26.11,lan/sala2/sensor/temp
2025-11-14 19:08:06,sala1,temp,24.42,lan/sala1/sensor/temp
2025-11-14 19:08:07,sala1,hum,67.44,lan/sala1/sensor/hum
2025-11-14 19:08:08,sala2,temp,27.23,lan/sala2/sensor/temp
2025-11-14 19:08:08,sala1,temp,20.98,lan/sala1/sensor/temp
2025-11-14 19:08:09,sala1,hum,43.13,lan/sala1/sensor/hum
2025-11-14 19:08:10,sala2,temp,20.74,lan/sala2/sensor/temp
2025-11-14 19:08:10,sala1,temp,27.22,lan/sala1/sensor/temp
2025-11-14 19:08:11,sala1,hum,53.06,lan/sala1/sensor/hum
2025-11-14 19:08:12,sala2,temp,21.89,lan/sala2/sensor/temp
2025-11-14 19:08:12,sala1,temp,23.64,lan/sala1/sensor/temp
2025-11-14 19:08:14,sala1,hum,42.28,lan/sala1/sensor/hum
2025-11-14 19:08:14,sala2,temp,27.16,lan/sala2/sensor/temp
2025-11-14 19:08:14,sala1,temp,23.19,lan/sala1/sensor/temp
2025-11-14 19:08:15,sala1,hum,36.3,lan/sala1/sensor/hum
2025-11-14 19:08:16,sala2,temp,23.87,lan/sala2/sensor/temp
2025-11-14 19:08:16,sala1,temp,23.98,lan/sala1/sensor/temp
2025-11-14 19:08:17,sala1,hum,32.95,lan/sala1/sensor/hum
2025-11-14 19:08:18,sala2,temp,27.99,lan/sala2/sensor/temp
2025-11-14 19:08:18,sala1,temp,18.61,lan/sala1/sensor/temp
2025-11-14 19:08:19,sala1,hum,69.16,lan/sala1/sensor/hum
2025-11-14 19:08:20,sala2,temp,18.04,lan/sala2/sensor/temp
2025-11-14 19:08:20,sala1,temp,24.88,lan/sala1/sensor/temp
2025-11-14 19:08:21,sala1,hum,69.51,lan/sala1/sensor/hum
2025-11-14 19:08:22,sala2,temp,22.38,lan/sala2/sensor/temp
2025-11-14 19:08:22,sala1,temp,24.4,lan/sala1/sensor/temp
2025-11-14 19:08:23,sala1,hum,45.05,lan/sala1/sensor/hum
2025-11-14 19:08:24,sala2,temp,20.27,lan/sala2/sensor/temp
2025-11-14 19:08:24,sala1,temp,21.67,lan/sala1/sensor/temp
2025-11-14 19:08:25,sala1,hum,38.91,lan/sala1/sensor/hum
2025-11-14 19:08:26,sala2,temp,27.39,lan/sala2/sensor/temp
2025-11-14 19:08:26,sala1,temp,24.76,lan/sala1/sensor/temp
2025-11-14 19:08:27,sala1,hum,40.12,lan/sala1/sensor/hum
2025-11-14 19:08:28,sala2,temp,26.96,lan/sala2/sensor/temp
2025-11-14 19:08:28,sala1,temp,19.35,lan/sala1/sensor/temp
2025-11-14 19:08:29,sala1,hum,39.4,lan/sala1/sensor/hum
2025-11-14 19:08:30,sala2,temp,23.46,lan/sala2/sensor/temp
2025-11-14 19:08:30,sala1,temp,27.12,lan/sala1/sensor/temp
2025-11-14 19:08:31,sala1,hum,54.29,lan/sala1/sensor/hum
2025-11-14 19:08:32,sala2,temp,26.07,lan/sala2/sensor/temp
2025-11-14 19:08:32,sala1,temp,24.14,lan/sala1/sensor/temp
2025-11-14 19:08:33,sala1,hum,59.75,lan/sala1/sensor/hum
2025-11-14 19:08:34,sala2,temp,19.89,lan/sala2/sensor/temp
2025-11-14 19:08:34,sala1,temp,18.2,lan/sala1/sensor/temp
2025-11-14 19:08:35,sala1,hum,43.42,lan/sala1/sensor/hum
2025-11-14 19:08:36,sala2,temp,19.35,lan/sala2/sensor/temp
2025-11-14 19:08:36,sala1,temp,22.71,lan/sala1/sensor/temp
2025-11-14 19:08:37,sala1,hum,35.46,lan/sala1/sensor/hum
2025-11-14 19:08:38,sala2,temp,21.53,lan/sala2/sensor/temp
2025-11-14 19:08:38,sala1,temp,20.68,lan/sala1/sensor/temp
2025-11-14 19:08:39,sala1,hum,35.61,lan/sala1/sensor/hum
2025-11-14 19:08:40,sala2,temp,25.77,lan/sala2/sensor/temp
2025-11-14 19:08:40,sala1,temp,26.49,lan/sala1/sensor/temp
2025-11-14 19:08:41,sala1,hum,60.81,lan/sala1/sensor/hum
2025-11-14 19:08:42,sala2,temp,24.22,lan/sala2/sensor/temp
2025-11-14 19:08:42,sala1,temp,24.78,lan/sala1/sensor/temp
2025-11-14 19:08:43,sala1,hum,46.55,lan/sala1/sensor/hum
2025-11-14 19:08:44,sala2,temp,19.35,lan/sala2/sensor/temp
2025-11-14 19:08:44,sala1,temp,26.75,lan/sala1/sensor/temp
2025-11-14 19:08:45,sala1,hum,62.88,lan/sala1/sensor/hum
2025-11-14 19:08:46,sala2,temp,27.47,lan/sala2/sensor/temp
2025-11-14 19:08:46,sala1,temp,23.11,lan/sala1/sensor/temp
2025-11-14 19:08:47,sala1,hum,45.52,lan/sala1/sensor/hum
2025-11-14 19:08:48,sala2,temp,26.68,lan/sala2/sensor/temp
2025-11-14 19:08:48,sala1,temp,25.9,lan/sala1/sensor/temp
2025-11-14 19:08:49,sala1,hum,63.52,lan/sala1/sensor/hum
2025-11-14 19:08:50,sala2,temp,26.54,lan/sala2/sensor/temp
2025-11-14 19:08:50,sala1,temp,24.44,lan/sala1/sensor/temp
2025-11-14 19:08:51,sala1,hum,49.62,lan/sala1/sensor/hum
2025-11-14 19:08:52,sala2,temp,26.1,lan/sala2/sensor/temp
2025-11-14 19:08:52,sala1,temp,26.08,lan/sala1/sensor/temp
2025-11-14 19:08:53,sala1,hum,49.45,lan/sala1/sensor/hum
2025-11-14 19:08:54,sala2,temp,20.58,lan/sala2/sensor/temp
2025-11-14 19:08:54,sala1,temp,18.77,lan/sala1/sensor/temp
2025-11-14 19:08:55,sala1,hum,35.98,lan/sala1/sensor/hum
2025-11-14 19:08:56,sala2,temp,18.47,lan/sala2/sensor/temp
2025-11-14 19:08:56,sala1,temp,20.39,lan/sala1/sensor/temp
2025-11-14 19:08:57,sala1,hum,43.39,lan/sala1/sensor/hum
2025-11-14 19:08:58,sala2,temp,19.02,lan/sala2/sensor/temp
2025-11-14 19:08:58,sala1,temp,26.91,lan/sala1/sensor/temp
2025-11-14 19:08:59,sala1,hum,38.04,lan/sala1/sensor/hum
2025-11-14 19:09:00,sala2,temp,22.33,lan/sala2/sensor/temp
2025-11-14 19:09:00,sala1,temp,18.53,lan/sala1/sensor/temp
2025-11-14 19:09:01,sala1,hum,54.08,lan/sala1/sensor/hum
2025-11-14 19:09:02,sala2,temp,26.5,lan/sala2/sensor/temp
2025-11-14 19:09:02,sala1,temp,26.61,lan/sala1/sensor/temp
2025-11-14 19:09:03,sala1,hum,42.06,lan/sala1/sensor/hum
2025-11-14 19:09:04,sala2,temp,26.64,lan/sala2/sensor/temp
2025-11-14 19:09:04,sala1,temp,23.29,lan/sala1/sensor/temp
2025-11-14 19:09:05,sala1,hum,48.57,lan/sala1/sensor/hum
2025-11-14 19:09:06,sala2,temp,28.0,lan/sala2/sensor/temp
2025-11-14 19:09:06,sala1,temp,27.35,lan/sala1/sensor/temp
2025-11-14 19:09:07,sala1,hum,60.24,lan/sala1/sensor/hum
2025-11-14 19:09:08,sala2,temp,23.62,lan/sala2/sensor/temp
2025-11-14 19:09:08,sala1,temp,27.11,lan/sala1/sensor/temp
2025-11-14 19:09:09,sala1,hum,64.81,lan/sala1/sensor/hum
2025-11-14 19:09:10,sala2,temp,23.23,lan/sala2/sensor/temp
2025-11-14 19:09:10,sala1,temp,19.15,lan/sala1/sensor/temp
2025-11-14 19:09:11,sala1,hum,69.8,lan/sala1/sensor/hum
2025-11-14 19:09:12,sala2,temp,18.01,lan/sala2/sensor/temp
2025-11-14 19:09:12,sala1,temp,24.78,lan/sala1/sensor/temp
2025-11-14 19:09:13,sala1,hum,58.77,lan/sala1/sensor/hum
2025-11-14 19:09:14,sala2,temp,24.06,lan/sala2/sensor/temp
2025-11-14 19:09:14,sala1,temp,26.48,lan/sala1/sensor/temp
2025-11-14 19:09:15,sala1,hum,65.93,lan/sala1/sensor/hum
2025-11-14 19:09:16,sala2,temp,26.97,lan/sala2/sensor/temp
2025-11-14 19:09:16,sala1,temp,21.0,lan/sala1/sensor/temp
2025-11-14 19:09:17,sala1,hum,44.94,lan/sala1/sensor/hum
2025-11-14 19:09:18,sala2,temp,18.21,lan/sala2/sensor/temp
2025-11-14 19:09:18,sala1,temp,18.77,lan/sala1/sensor/temp
2025-11-14 19:09:19,sala1,hum,32.21,lan/sala1/sensor/hum
2025-11-14 19:09:20,sala2,temp,26.88,lan/sala2/sensor/temp
2025-11-14 19:09:20,sala1,temp,21.53,lan/sala1/sensor/temp
2025-11-14 19:09:21,sala1,hum,62.89,lan/sala1/sensor/hum
2025-11-14 19:09:22,sala2,temp,26.4,lan/sala2/sensor/temp
2025-11-14 19:09:22,sala1,temp,21.73,lan/sala1/sensor/temp
2025-11-14 19:09:23,sala1,hum,58.77,lan/sala1/sensor/hum
2025-11-14 19:09:24,sala2,temp,24.19,lan/sala2/sensor/temp
2025-11-14 19:09:24,sala1,temp,18.58,lan/sala1/sensor/temp
2025-11-14 19:09:25,sala1,hum,31.42,lan/sala1/sensor/hum
2025-11-14 19:09:26,sala2,temp,24.03,lan/sala2/sensor/temp
2025-11-14 19:09:26,sala1,temp,19.38,lan/sala1/sensor/temp
2025-11-14 19:09:27,sala1,hum,33.4,lan/sala1/sensor/hum
2025-11-14 19:09:28,sala2,temp,21.94,lan/sala2/sensor/temp
2025-11-14 19:09:28,sala1,temp,27.46,lan/sala1/sensor/temp
2025-11-14 19:09:29,sala1,hum,40.58,lan/sala1/sensor/hum
2025-11-14 19:09:30,sala2,temp,19.53,lan/sala2/sensor/temp
2025-11-14 19:09:30,sala1,temp,25.55,lan/sala1/sensor/temp
2025-11-14 19:09:31,sala1,hum,37.64,lan/sala1/sensor/hum
2025-11-14 19:09:32,sala2,temp,18.94,lan/sala2/sensor/temp
2025-11-14 19:09:32,sala1,temp,18.05,lan/sala1/sensor/temp
2025-11-14 19:09:33,sala1,hum,46.35,lan/sala1/sensor/hum
2025-11-14 19:09:34,sala2,temp,24.71,lan/sala2/sensor/temp
2025-11-14 19:09:34,sala1,temp,26.21,lan/sala1/sensor/temp
2025-11-14 19:09:35,sala1,hum,54.71,lan/sala1/sensor/hum
2025-11-14 19:09:36,sala2,temp,20.89,lan/sala2/sensor/temp
2025-11-14 19:09:36,sala1,temp,22.61,lan/sala1/sensor/temp
2025-11-14 19:09:37,sala1,hum,41.3,lan/sala1/sensor/hum
2025-11-14 19:09:38,sala2,temp,23.03,lan/sala2/sensor/temp
2025-11-14 19:09:38,sala1,temp,23.23,lan/sala1/sensor/temp
2025-11-14 19:09:39,sala1,hum,50.66,lan/sala1/sensor/hum
2025-11-14 19:09:40,sala2,temp,21.61,lan/sala2/sensor/temp
2025-11-14 19:09:40,sala1,temp,23.01,lan/sala1/sensor/temp
2025-11-14 19:09:41,sala1,hum,67.78,lan/sala1/sensor/hum
2025-11-14 19:09:42,sala2,temp,27.64,lan/sala2/sensor/temp
2025-11-14 19:09:42,sala1,temp,18.91,lan/sala1/sensor/temp
2025-11-14 19:09:43,sala1,hum,46.63,lan/sala1/sensor/hum
2025-11-14 19:09:44,sala2,temp,18.45,lan/sala2/sensor/temp
2025-11-14 19:09:44,sala1,temp,27.97,lan/sala1/sensor/temp
2025-11-14 19:09:45,sala1,hum,35.83,lan/sala1/sensor/hum
2025-11-14 19:09:46,sala2,temp,19.97,lan/sala2/sensor/temp
2025-11-14 19:09:46,sala1,temp,20.12,lan/sala1/sensor/temp
2025-11-14 19:09:47,sala1,hum,66.6,lan/sala1/sensor/hum
2025-11-14 19:09:48,sala2,temp,18.62,lan/sala2/sensor/temp
2025-11-14 19:09:48,sala1,temp,20.97,lan/sala1/sensor/temp
2025-11-14 19:09:49,sala1,hum,47.92,lan/sala1/sensor/hum
2025-11-14 19:09:50,sala2,temp,27.03,lan/sala2/sensor/temp
2025-11-14 19:09:50,sala1,temp,20.94,lan/sala1/sensor/temp
2025-11-14 19:09:51,sala1,hum,56.46,lan/sala1/sensor/hum
2025-11-14 19:09:52,sala2,temp,18.01,lan/sala2/sensor/temp
2025-11-14 19:09:52,sala1,temp,19.63,lan/sala1/sensor/temp
2025-11-14 19:09:53,sala1,hum,40.51,lan/sala1/sensor/hum
2025-11-14 19:09:54,sala2,temp,19.89,lan/sala2/sensor/temp
2025-11-14 19:09:54,sala1,temp,18.63,lan/sala1/sensor/temp
2025-11-14 19:09:55,sala1,hum,67.39,lan/sala1/sensor/hum
2025-11-14 19:09:56,sala2,temp,20.56,lan/sala2/sensor/temp
2025-11-14 19:09:56,sala1,temp,22.34,lan/sala1/sensor/temp
2025-11-14 19:09:57,sala1,hum,47.61,lan/sala1/sensor/hum
2025-11-14 19:09:58,sala2,temp,18.6,lan/sala2/sensor/temp
2025-11-14 19:09:58,sala1,temp,26.7,lan/sala1/sensor/temp
2025-11-14 19:09:59,sala1,hum,62.21,lan/sala1/sensor/hum
2025-11-14 19:10:00,sala2,temp,21.07,lan/sala2/sensor/temp
2025-11-14 19:10:00,sala1,temp,24.71,lan/sala1/sensor/temp
2025-11-14 19:10:01,sala1,hum,43.73,lan/sala1/sensor/hum
2025-11-14 19:10:02,sala2,temp,20.15,lan/sala2/sensor/temp
2025-11-14 19:10:02,sala1,temp,19.43,lan/sala1/sensor/temp
2025-11-14 19:10:03,sala1,hum,52.94,lan/sala1/sensor/hum
2025-11-14 19:10:04,sala2,temp,18.13,lan/sala2/sensor/temp
2025-11-14 19:10:04,sala1,temp,24.98,lan/sala1/sensor/temp
2025-11-14 19:10:05,sala1,hum,36.74,lan/sala1/sensor/hum
2025-11-14 19:17:45,sala1,hum,66.23,lan/sala1/sensor/hum
2025-11-14 19:17:45,sala1,temp,27.72,lan/sala1/sensor/temp
2025-11-14 19:17:46,sala2,temp,18.75,lan/sala2/sensor/temp
2025-11-14 19:17:47,sala1,hum,30.22,lan/sala1/sensor/hum
2025-11-14 19:17:47,sala1,temp,19.91,lan/sala1/sensor/temp
2025-11-14 19:17:48,sala2,temp,25.56,lan/sala2/sensor/temp
2025-11-14 19:17:49,sala1,hum,37.9,lan/sala1/sensor/hum
2025-11-14 19:17:49,sala1,temp,18.71,lan/sala1/sensor/temp
2025-11-14 19:17:50,sala2,temp,27.88,lan/sala2/sensor/temp
2025-11-14 19:17:51,sala1,hum,43.53,lan/sala1/sensor/hum
2025-11-14 19:17:51,sala1,temp,26.64,lan/sala1/sensor/temp
2025-11-14 19:17:52,sala2,temp,25.14,lan/sala2/sensor/temp
2025-11-14 19:17:53,sala1,hum,53.07,lan/sala1/sensor/hum
2025-11-14 19:17:53,sala1,temp,22.43,lan/sala1/sensor/temp
2025-11-14 19:17:54,sala2,temp,20.85,lan/sala2/sensor/temp
2025-11-14 19:17:55,sala1,hum,68.71,lan/sala1/sensor/hum
2025-11-14 19:17:55,sala1,temp,22.26,lan/sala1/sensor/temp
2025-11-14 19:17:56,sala2,temp,19.73,lan/sala2/sensor/temp
2025-11-14 19:17:57,sala1,hum,58.85,lan/sala1/sensor/hum
2025-11-14 19:17:57,sala1,temp,18.79,lan/sala1/sensor/temp
2025-11-14 19:17:58,sala2,temp,22.68,lan/sala2/sensor/temp
2025-11-14 19:17:59,sala1,hum,62.67,lan/sala1/sensor/hum
2025-11-14 19:17:59,sala1,temp,18.01,lan/sala1/sensor/temp
2025-11-14 19:18:00,sala2,temp,21.49,lan/sala2/sensor/temp
2025-11-14 19:18:01,sala1,hum,41.36,lan/sala1/sensor/hum
2025-11-14 19:18:01,sala1,temp,27.39,lan/sala1/sensor/temp
2025-11-14 19:18:02,sala2,temp,19.18,lan/sala2/sensor/temp
2025-11-14 19:18:03,sala1,hum,58.43,lan/sala1/sensor/hum
2025-11-14 19:18:03,sala1,temp,26.97,lan/sala1/sensor/temp
2025-11-14 19:18:04,sala2,temp,19.61,lan/sala2/sensor/temp
2025-11-14 19:18:05,sala1,hum,30.71,lan/sala1/sensor/hum
2025-11-14 19:18:05,sala1,temp,21.25,lan/sala1/sensor/temp
2025-11-14 19:18:06,sala2,temp,24.17,lan/sala2/sensor/temp
2025-11-14 19:19:15,sala1,hum,52.42,lan/sala1/sensor/hum
2025-11-14 19:19:15,sala1,temp,25.26,lan/sala1/sensor/temp
2025-11-14 19:19:16,sala2,temp,22.4,lan/sala2/sensor/temp
2025-11-14 19:19:17,sala1,hum,39.95,lan/sala1/sensor/hum
2025-11-14 19:19:17,sala1,temp,21.49,lan/sala1/sensor/temp
2025-11-14 19:19:18,sala2,temp,22.03,lan/sala2/sensor/temp
2025-11-14 19:19:19,sala1,hum,31.57,lan/sala1/sensor/hum
2025-11-14 19:19:19,sala1,temp,26.09,lan/sala1/sensor/temp
2025-11-14 19:19:20,sala2,temp,19.23,lan/sala2/sensor/temp
2025-11-14 19:19:21,sala1,hum,59.18,lan/sala1/sensor/hum
2025-11-14 19:19:21,sala1,temp,20.16,lan/sala1/sensor/temp
2025-11-14 19:19:22,sala2,temp,27.15,lan/sala2/sensor/temp
2025-11-14 19:19:23,sala1,hum,36.19,lan/sala1/sensor/hum
2025-11-14 19:19:23,sala1,temp,23.84,lan/sala1/sensor/temp
2025-11-14 19:19:24,sala2,temp,24.72,lan/sala2/sensor/temp
2025-11-14 19:19:25,sala1,hum,35.01,lan/sala1/sensor/hum
2025-11-14 19:19:25,sala1,temp,22.49,lan/sala1/sensor/temp
2025-11-14 19:19:26,sala2,temp,25.73,lan/sala2/sensor/temp
2025-11-14 19:19:27,sala1,hum,56.93,lan/sala1/sensor/hum
2025-11-14 19:19:27,sala1,temp,23.91,lan/sala1/sensor/temp
2025-11-14 19:19:28,sala2,temp,22.42,lan/sala2/sensor/temp
2025-11-14 19:19:29,sala1,hum,63.37,lan/sala1/sensor/hum
2025-11-14 19:19:29,sala1,temp,23.54,lan/sala1/sensor/temp
2025-11-14 19:19:30,sala2,temp,23.35,lan/sala2/sensor/temp
2025-11-14 19:19:31,sala1,hum,55.91,lan/sala1/sensor/hum
2025-11-14 19:19:31,sala1,temp,21.97,lan/sala1/sensor/temp
2025-11-14 19:19:32,sala2,temp,22.87,lan/sala2/sensor/temp
2025-11-14 19:19:33,sala1,hum,53.93,lan/sala1/sensor/hum
2025-11-14 19:19:33,sala1,temp,21.6,lan/sala1/sensor/temp
2025-11-14 19:19:34,sala2,temp,21.88,lan/sala2/sensor/temp
2025-11-14 19:19:35,sala1,hum,54.49,lan/sala1/sensor/hum
2025-11-14 19:19:35,sala1,temp,23.67,lan/sala1/sensor/temp
2025-11-14 19:19:36,sala2,temp,21.84,lan/sala2/sensor/temp
2025-11-14 19:19:37,sala1,hum,43.02,lan/sala1/sensor/hum
2025-11-14 19:19:37,sala1,temp,25.05,lan/sala1/sensor/temp
2025-11-14 19:19:38,sala2,temp,27.96,lan/sala2/sensor/temp
2025-11-14 19:19:39,sala1,hum,56.27,lan/sala1/sensor/hum
2025-11-14 19:19:40,sala1,temp,22.21,lan/sala1/sensor/temp
2025-11-14 19:19:40,sala2,temp,18.92,lan/sala2/sensor/temp
2025-11-14 19:19:41,sala1,hum,68.88,lan/sala1/sensor/hum
2025-11-14 19:19:41,sala1,temp,22.65,lan/sala1/sensor/temp
2025-11-14 19:19:42,sala2,temp,19.91,lan/sala2/sensor/temp
2025-11-14 19:19:43,sala1,hum,56.79,lan/sala1/sensor/hum
2025-11-14 19:19:43,sala1,temp,26.98,lan/sala1/sensor/temp
2025-11-14 19:19:44,sala2,temp,20.23,lan/sala2/sensor/temp
2025-11-14 19:19:45,sala1,hum,63.26,lan/sala1/sensor/hum
2025-11-14 19:19:45,sala1,temp,20.37,lan/sala1/sensor/temp
2025-11-14 19:19:46,sala2,temp,25.13,lan/sala2/sensor/temp
2025-11-14 19:19:47,sala1,hum,33.44,lan/sala1/sensor/hum
2025-11-14 19:19:47,sala1,temp,26.74,lan/sala1/sensor/temp
2025-11-14 19:19:48,sala2,temp,23.64,lan/sala2/sensor/temp
2025-11-14 19:19:49,sala1,hum,55.91,lan/sala1/sensor/hum
2025-11-14 19:19:49,sala1,temp,23.38,lan/sala1/sensor/temp
2025-11-14 19:19:50,sala2,temp,20.29,lan/sala2/sensor/temp
2025-11-14 19:19:51,sala1,hum,33.59,lan/sala1/sensor/hum
2025-11-14 19:19:51,sala1,temp,26.86,lan/sala1/sensor/temp
2025-11-14 19:19:52,sala2,temp,25.1,lan/sala2/sensor/temp
2025-11-14 19:19:53,sala1,hum,55.08,lan/sala1/sensor/hum
2025-11-14 19:19:53,sala1,temp,26.67,lan/sala1/sensor/temp
2025-11-14 19:19:54,sala2,temp,25.44,lan/sala2/sensor/temp
2025-11-14 19:19:55,sala1,hum,53.05,lan/sala1/sensor/hum
2025-11-14 19:19:55,sala1,temp,26.23,lan/sala1/sensor/temp
2025-11-14 19:19:56,sala2,temp,23.35,lan/sala2/sensor/temp
2025-11-14 19:19:57,sala1,hum,66.51,lan/sala1/sensor/hum
2025-11-14 19:19:57,sala1,temp,27.92,lan/sala1/sensor/temp
2025-11-14 19:19:58,sala2,temp,18.83,lan/sala2/sensor/temp
2025-11-14 19:19:59,sala1,hum,67.05,lan/sala1/sensor/hum
2025-11-14 19:19:59,sala1,temp,19.22,lan/sala1/sensor/temp
2025-11-14 19:20:00,sala2,temp,26.72,lan/sala2/sensor/temp
2025-11-14 19:20:01,sala1,hum,66.9,lan/sala1/sensor/hum
2025-11-14 19:20:01,sala1,temp,20.07,lan/sala1/sensor/temp
2025-11-14 19:20:02,sala2,temp,18.88,lan/sala2/sensor/temp
2025-11-14 19:20:03,sala1,hum,61.45,lan/sala1/sensor/hum
2025-11-14 19:20:03,sala1,temp,20.29,lan/sala1/sensor/temp
2025-11-14 19:20:04,sala2,temp,22.52,lan/sala2/sensor/temp
2025-11-14 19:20:05,sala1,hum,35.71,lan/sala1/sensor/hum
2025-11-14 19:20:05,sala1,temp,18.09,lan/sala1/sensor/temp
2025-11-14 19:20:06,sala2,temp,24.92,lan/sala2/sensor/temp
2025-11-14 19:20:07,sala1,hum,31.49,lan/sala1/sensor/hum
2025-11-14 19:20:07,sala1,temp,25.38,lan/sala1/sensor/temp
2025-11-14 19:20:08,sala2,temp,20.81,lan/sala2/sensor/temp
2025-11-14 19:20:09,sala1,hum,49.21,lan/sala1/sensor/hum
2025-11-14 19:20:09,sala1,temp,26.07,lan/sala1/sensor/temp
2025-11-14 19:20:10,sala2,temp,21.98,lan/sala2/sensor/temp
2025-11-14 19:20:11,sala1,hum,63.82,lan/sala1/sensor/hum
2025-11-14 19:20:11,sala1,temp,22.69,lan/sala1/sensor/temp
2025-11-14 19:20:12,sala2,temp,20.36,lan/sala2/sensor/temp
2025-11-14 19:20:13,sala1,hum,37.63,lan/sala1/sensor/hum
2025-11-14 19:20:13,sala1,temp,26.65,lan/sala1/sensor/temp
2025-11-14 19:20:14,sala2,temp,24.77,lan/sala2/sensor/temp
2025-11-14 19:20:15,sala1,hum,51.29,lan/sala1/sensor/hum
2025-11-14 19:20:15,sala1,temp,27.4,lan/sala1/sensor/temp
2025-11-14 19:20:16,sala2,temp,21.25,lan/sala2/sensor/temp
2025-11-14 19:20:17,sala1,hum,60.68,lan/sala1/sensor/hum
2025-11-14 19:20:17,sala1,temp,26.51,lan/sala1/sensor/temp
2025-11-14 19:20:18,sala2,temp,19.73,lan/sala2/sensor/temp
2025-11-14 19:20:19,sala1,hum,31.73,lan/sala1/sensor/hum
2025-11-14 19:20:20,sala1,temp,22.59,lan/sala1/sensor/temp
2025-11-14 19:20:20,sala2,temp,21.18,lan/sala2/sensor/temp
2025-11-14 19:20:21,sala1,hum,64.12,lan/sala1/sensor/hum
2025-11-14 19:20:22,sala1,temp,22.06,lan/sala1/sensor/temp
2025-11-14 19:20:22,sala2,temp,18.78,lan/sala2/sensor/temp
2025-11-14 19:20:23,sala1,hum,64.78,lan/sala1/sensor/hum
2025-11-14 19:20:24,sala1,temp,25.95,lan/sala1/sensor/temp
2025-11-14 19:20:24,sala2,temp,22.51,lan/sala2/sensor/temp
2025-11-14 19:20:25,sala1,hum,66.63,lan/sala1/sensor/hum
2025-11-14 19:20:26,sala1,temp,20.51,lan/sala1/sensor/temp
2025-11-14 19:20:26,sala2,temp,23.65,lan/sala2/sensor/temp
2025-11-14 19:20:27,sala1,hum,30.1,lan/sala1/sensor/hum
2025-11-14 19:20:28,sala1,temp,25.62,lan/sala1/sensor/temp
2025-11-14 19:20:28,sala2,temp,25.62,lan/sala2/sensor/temp
2025-11-14 19:20:29,sala1,hum,41.29,lan/sala1/sensor/hum
2025-11-14 19:20:30,sala1,temp,19.51,lan/sala1/sensor/temp
2025-11-14 19:20:30,sala2,temp,25.9,lan/sala2/sensor/temp
2025-11-14 19:20:31,sala1,hum,69.97,lan/sala1/sensor/hum
2025-11-14 19:20:32,sala1,temp,19.59,lan/sala1/sensor/temp
2025-11-14 19:20:32,sala2,temp,26.16,lan/sala2/sensor/temp
2025-11-14 19:20:33,sala1,hum,41.11,lan/sala1/sensor/hum
2025-11-14 19:20:34,sala1,temp,23.13,lan/sala1/sensor/temp
2025-11-14 19:20:34,sala2,temp,23.91,lan/sala2/sensor/temp
2025-11-14 19:20:35,sala1,hum,30.55,lan/sala1/sensor/hum
2025-11-14 19:20:36,sala1,temp,22.78,lan/sala1/sensor/temp
2025-11-14 19:20:36,sala2,temp,18.61,lan/sala2/sensor/temp
2025-11-14 19:20:37,sala1,hum,66.64,lan/sala1/sensor/hum
2025-11-14 19:20:38,sala1,temp,20.46,lan/sala1/sensor/temp
2025-11-14 19:20:38,sala2,temp,23.29,lan/sala2/sensor/temp
2025-11-14 19:20:39,sala1,hum,62.65,lan/sala1/sensor/hum
2025-11-14 19:20:40,sala1,temp,25.38,lan/sala1/sensor/temp
2025-11-14 19:20:40,sala2,temp,22.87,lan/sala2/sensor/temp
2025-11-14 19:20:41,sala1,hum,45.06,lan/sala1/sensor/hum
2025-11-14 19:20:42,sala1,temp,22.65,lan/sala1/sensor/temp
2025-11-14 19:20:42,sala2,temp,26.15,lan/sala2/sensor/temp
2025-11-14 19:20:43,sala1,hum,42.05,lan/sala1/sensor/hum
2025-11-14 19:20:44,sala1,temp,20.81,lan/sala1/sensor/temp
2025-11-14 19:20:44,sala2,temp,18.71,lan/sala2/sensor/temp
2025-11-14 19:20:45,sala1,hum,39.25,lan/sala1/sensor/hum
2025-11-14 19:20:46,sala1,temp,27.3,lan/sala1/sensor/temp
2025-11-14 19:20:46,sala2,temp,26.81,lan/sala2/sensor/temp
2025-11-14 19:20:47,sala1,hum,68.76,lan/sala1/sensor/hum
2025-11-14 19:20:48,sala1,temp,23.67,lan/sala1/sensor/temp
2025-11-14 19:20:48,sala2,temp,25.84,lan/sala2/sensor/temp
2025-11-14 19:20:49,sala1,hum,68.24,lan/sala1/sensor/hum
2025-11-14 19:20:50,sala1,temp,23.37,lan/sala1/sensor/temp
2025-11-14 19:20:50,sala2,temp,24.55,lan/sala2/sensor/temp
2025-11-14 19:20:51,sala1,hum,58.9,lan/sala1/sensor/hum
2025-11-14 19:20:52,sala1,temp,22.09,lan/sala1/sensor/temp
2025-11-14 19:20:52,sala2,temp,25.97,lan/sala2/sensor/temp
2025-11-14 19:20:53,sala1,hum,32.53,lan/sala1/sensor/hum
2025-11-14 19:20:54,sala1,temp,25.07,lan/sala1/sensor/temp
2025-11-14 19:20:54,sala2,temp,20.28,lan/sala2/sensor/temp
2025-11-14 19:20:55,sala1,hum,45.7,lan/sala1/sensor/hum
2025-11-14 19:20:56,sala1,temp,18.0,lan/sala1/sensor/temp
2025-11-14 19:20:56,sala2,temp,22.52,lan/sala2/sensor/temp
2025-11-14 19:20:57,sala1,hum,59.87,lan/sala1/sensor/hum
2025-11-14 19:20:58,sala1,temp,18.01,lan/sala1/sensor/temp
2025-11-14 19:20:58,sala2,temp,25.77,lan/sala2/sensor/temp
2025-11-14 19:20:59,sala1,hum,54.09,lan/sala1/sensor/hum
2025-11-14 19:21:00,sala1,temp,27.45,lan/sala1/sensor/temp
2025-11-14 19:21:00,sala2,temp,25.7,lan/sala2/sensor/temp
2025-11-14 19:21:01,sala1,hum,50.57,lan/sala1/sensor/hum
2025-11-14 19:21:02,sala1,temp,22.17,lan/sala1/sensor/temp
2025-11-14 19:21:02,sala2,temp,26.83,lan/sala2/sensor/temp
2025-11-14 19:21:03,sala1,hum,52.38,lan/sala1/sensor/hum
2025-11-14 19:21:04,sala1,temp,27.27,lan/sala1/sensor/temp
2025-11-14 19:21:04,sala2,temp,21.68,lan/sala2/sensor/temp
2025-11-14 19:21:05,sala1,hum,53.81,lan/sala1/sensor/hum
2025-11-14 19:21:06,sala1,temp,24.15,lan/sala1/sensor/temp
2025-11-14 19:21:06,sala2,temp,27.68,lan/sala2/sensor/temp
2025-11-14 19:21:07,sala1,hum,41.15,lan/sala1/sensor/hum
2025-11-14 19:21:08,sala1,temp,26.02,lan/sala1/sensor/temp
2025-11-14 19:21:08,sala2,temp,19.73,lan/sala2/sensor/temp
2025-11-14 19:21:09,sala1,hum,40.39,lan/sala1/sensor/hum
2025-11-14 19:21:10,sala1,temp,22.2,lan/sala1/sensor/temp
2025-11-14 19:21:10,sala2,temp,23.08,lan/sala2/sensor/temp
2025-11-14 19:21:11,sala1,hum,64.51,lan/sala1/sensor/hum
2025-11-14 19:21:12,sala1,temp,21.52,lan/sala1/sensor/temp
2025-11-14 19:21:12,sala2,temp,20.64,lan/sala2/sensor/temp
2025-11-14 19:21:13,sala1,hum,42.12,lan/sala1/sensor/hum
2025-11-14 19:21:14,sala1,temp,23.37,lan/sala1/sensor/temp
2025-11-14 19:21:14,sala2,temp,25.18,lan/sala2/sensor/temp
2025-11-14 19:21:15,sala1,hum,63.57,lan/sala1/sensor/hum
2025-11-14 19:21:16,sala1,temp,23.34,lan/sala1/sensor/temp
2025-11-14 19:21:16,sala2,temp,27.42,lan/sala2/sensor/temp
2025-11-14 19:21:17,sala1,hum,55.3,lan/sala1/sensor/hum
2025-11-14 19:21:18,sala1,temp,26.58,lan/sala1/sensor/temp
2025-11-14 19:21:18,sala2,temp,24.24,lan/sala2/sensor/temp
2025-11-14 19:21:19,sala1,hum,58.43,lan/sala1/sensor/hum
2025-11-14 19:21:20,sala1,temp,22.58,lan/sala1/sensor/temp
2025-11-14 19:21:20,sala2,temp,27.9,lan/sala2/sensor/temp
2025-11-14 19:21:21,sala1,hum,30.98,lan/sala1/sensor/hum
2025-11-14 19:21:22,sala1,temp,22.24,lan/sala1/sensor/temp
2025-11-14 19:21:22,sala2,temp,19.42,lan/sala2/sensor/temp
2025-11-14 19:21:23,sala1,hum,52.34,lan/sala1/sensor/hum
2025-11-14 19:21:24,sala1,temp,23.86,lan/sala1/sensor/temp
2025-11-14 19:21:24,sala2,temp,25.09,lan/sala2/sensor/temp
2025-11-14 19:21:25,sala1,hum,30.77,lan/sala1/sensor/hum
2025-11-14 19:21:26,sala1,temp,23.17,lan/sala1/sensor/temp
2025-11-14 19:21:26,sala2,temp,18.5,lan/sala2/sensor/temp
2025-11-14 19:21:27,sala1,hum,57.36,lan/sala1/sensor/hum
2025-11-14 19:21:28,sala2,temp,21.94,lan/sala2/sensor/temp
2025-11-14 19:21:28,sala1,temp,20.53,lan/sala1/sensor/temp
2025-11-14 19:21:29,sala1,hum,52.13,lan/sala1/sensor/hum
2025-11-14 19:21:30,sala1,temp,24.07,lan/sala1/sensor/temp
2025-11-14 19:21:30,sala2,temp,21.57,lan/sala2/sensor/temp
2025-11-14 19:21:31,sala1,hum,56.22,lan/sala1/sensor/hum
2025-11-14 19:21:32,sala1,temp,25.52,lan/sala1/sensor/temp
2025-11-14 19:21:32,sala2,temp,23.24,lan/sala2/sensor/temp
2025-11-14 19:21:33,sala1,hum,57.37,lan/sala1/sensor/hum
2025-11-14 19:21:34,sala1,temp,21.46,lan/sala1/sensor/temp
2025-11-14 19:21:34,sala2,temp,21.02,lan/sala2/sensor/temp
2025-11-14 19:21:35,sala1,hum,39.31,lan/sala1/sensor/hum
2025-11-14 19:21:36,sala1,temp,22.77,lan/sala1/sensor/temp
2025-11-14 19:21:36,sala2,temp,20.13,lan/sala2/sensor/temp
2025-11-14 19:21:37,sala1,hum,58.13,lan/sala1/sensor/hum
2025-11-14 19:21:38,sala1,temp,25.47,lan/sala1/sensor/temp
2025-11-14 19:21:38,sala2,temp,19.82,lan/sala2/sensor/temp
2025-11-14 19:21:39,sala1,hum,46.05,lan/sala1/sensor/hum
2025-11-14 19:21:40,sala1,temp,21.35,lan/sala1/sensor/temp
2025-11-14 19:21:40,sala2,temp,18.33,lan/sala2/sensor/temp
2025-11-14 19:21:41,sala1,hum,67.34,lan/sala1/sensor/hum
2025-11-14 19:21:42,sala1,temp,26.55,lan/sala1/sensor/temp
2025-11-14 19:21:42,sala2,temp,18.77,lan/sala2/sensor/temp
2025-11-14 19:21:43,sala1,hum,35.88,lan/sala1/sensor/hum
2025-11-14 19:21:44,sala1,temp,26.66,lan/sala1/sensor/temp
2025-11-14 19:21:44,sala2,temp,25.08,lan/sala2/sensor/temp
2025-11-14 19:21:45,sala1,hum,33.03,lan/sala1/sensor/hum
2025-11-14 19:21:46,sala1,temp,27.9,lan/sala1/sensor/temp
2025-11-14 19:21:46,sala2,temp,22.83,lan/sala2/sensor/temp
2025-11-14 19:21:47,sala1,hum,61.6,lan/sala1/sensor/hum
2025-11-14 19:21:48,sala1,temp,24.74,lan/sala1/sensor/temp
2025-11-14 19:21:48,sala2,temp,26.48,lan/sala2/sensor/temp
2025-11-14 19:21:49,sala1,hum,52.49,lan/sala1/sensor/hum
2025-11-14 19:21:50,sala1,temp,26.07,lan/sala1/sensor/temp
2025-11-14 19:21:50,sala2,temp,21.19,lan/sala2/sensor/temp
2025-11-14 19:21:51,sala1,hum,68.11,lan/sala1/sensor/hum
2025-11-14 19:21:52,sala1,temp,22.64,lan/sala1/sensor/temp
2025-11-14 19:21:52,sala2,temp,22.6,lan/sala2/sensor/temp
2025-11-14 19:21:53,sala1,hum,34.07,lan/sala1/sensor/hum
2025-11-14 19:21:54,sala1,temp,22.07,lan/sala1/sensor/temp
2025-11-14 19:21:54,sala2,temp,20.9,lan/sala2/sensor/temp
2025-11-14 19:21:55,sala1,hum,58.78,lan/sala1/sensor/hum
2025-11-14 19:21:56,sala1,temp,26.33,lan/sala1/sensor/temp
2025-11-14 19:21:56,sala2,temp,24.56,lan/sala2/sensor/temp
2025-11-14 19:21:57,sala1,hum,43.28,lan/sala1/sensor/hum
2025-11-14 19:21:58,sala1,temp,19.21,lan/sala1/sensor/temp
2025-11-14 19:21:58,sala2,temp,18.94,lan/sala2/sensor/temp
2025-11-14 19:21:59,sala1,hum,56.65,lan/sala1/sensor/hum
2025-11-14 19:22:00,sala1,temp,26.58,lan/sala1/sensor/temp
2025-11-14 19:22:00,sala2,temp,24.61,lan/sala2/sensor/temp
2025-11-14 19:22:01,sala1,hum,48.27,lan/sala1/sensor/hum
2025-11-14 19:22:02,sala1,temp,27.27,lan/sala1/sensor/temp
2025-11-14 19:22:02,sala2,temp,21.29,lan/sala2/sensor/temp
2025-11-14 19:22:03,sala1,hum,32.61,lan/sala1/sensor/hum
2025-11-14 19:22:04,sala1,temp,23.79,lan/sala1/sensor/temp
2025-11-14 19:22:04,sala2,temp,18.33,lan/sala2/sensor/temp
2025-11-14 19:22:05,sala1,hum,55.02,lan/sala1/sensor/hum
2025-11-14 19:22:06,sala1,temp,22.05,lan/sala1/sensor/temp
2025-11-14 19:22:06,sala2,temp,21.92,lan/sala2/sensor/temp
2025-11-14 19:22:07,sala1,hum,34.86,lan/sala1/sensor/hum
2025-11-14 19:22:08,sala1,temp,24.43,lan/sala1/sensor/temp
2025-11-14 19:22:08,sala2,temp,19.28,lan/sala2/sensor/temp
2025-11-14 19:22:09,sala1,hum,58.13,lan/sala1/sensor/hum
2025-11-14 19:22:10,sala1,temp,18.43,lan/sala1/sensor/temp
2025-11-14 19:22:10,sala2,temp,18.63,lan/sala2/sensor/temp
2025-11-14 19:22:11,sala1,hum,52.28,lan/sala1/sensor/hum
2025-11-14 19:22:12,sala1,temp,20.54,lan/sala1/sensor/temp
2025-11-14 19:22:12,sala2,temp,19.03,lan/sala2/sensor/temp
2025-11-14 19:22:13,sala1,hum,60.89,lan/sala1/sensor/hum
2025-11-14 19:22:14,sala1,temp,18.77,lan/sala1/sensor/temp
2025-11-14 19:22:14,sala2,temp,24.45,lan/sala2/sensor/temp
2025-11-14 19:22:15,sala1,hum,52.12,lan/sala1/sensor/hum
2025-11-14 19:22:16,sala1,temp,23.86,lan/sala1/sensor/temp
2025-11-14 19:22:16,sala2,temp,18.05,lan/sala2/sensor/temp
2025-11-14 19:22:17,sala1,hum,40.69,lan/sala1/sensor/hum
2025-11-14 19:22:18,sala1,temp,23.88,lan/sala1/sensor/temp
2025-11-14 19:22:18,sala2,temp,20.45,lan/sala2/sensor/temp
2025-11-14 19:22:19,sala1,hum,69.75,lan/sala1/sensor/hum
2025-11-14 19:22:20,sala1,temp,22.41,lan/sala1/sensor/temp
2025-11-14 19:22:20,sala2,temp,20.26,lan/sala2/sensor/temp
2025-11-14 19:22:21,sala1,hum,42.56,lan/sala1/sensor/hum
2025-11-14 19:22:22,sala1,temp,23.17,lan/sala1/sensor/temp
2025-11-14 19:22:22,sala2,temp,25.42,lan/sala2/sensor/temp
2025-11-14 19:22:23,sala1,hum,55.16,lan/sala1/sensor/hum
2025-11-14 19:22:24,sala1,temp,19.18,lan/sala1/sensor/temp
2025-11-14 19:22:24,sala2,temp,24.26,lan/sala2/sensor/temp
2025-11-14 19:22:25,sala1,hum,39.36,lan/sala1/sensor/hum
2025-11-14 19:22:26,sala1,temp,19.4,lan/sala1/sensor/temp
2025-11-14 19:22:26,sala2,temp,25.9,lan/sala2/sensor/temp
2025-11-14 19:22:27,sala1,hum,36.54,lan/sala1/sensor/hum
2025-11-14 19:22:28,sala1,temp,24.75,lan/sala1/sensor/temp
2025-11-14 19:22:28,sala2,temp,19.51,lan/sala2/sensor/temp
2025-11-14 19:22:29,sala1,hum,41.28,lan/sala1/sensor/hum
2025-11-14 19:22:30,sala1,temp,18.69,lan/sala1/sensor/temp
2025-11-14 19:22:30,sala2,temp,19.24,lan/sala2/sensor/temp
2025-11-14 19:22:31,sala1,hum,58.87,lan/sala1/sensor/hum
2025-11-14 19:22:32,sala1,temp,27.94,lan/sala1/sensor/temp
2025-11-14 19:22:32,sala2,temp,21.81,lan/sala2/sensor/temp
2025-11-14 19:22:33,sala1,hum,52.97,lan/sala1/sensor/hum
2025-11-14 19:22:34,sala1,temp,19.63,lan/sala1/sensor/temp
2025-11-14 19:22:34,sala2,temp,22.31,lan/sala2/sensor/temp
2025-11-14 19:22:35,sala1,hum,53.47,lan/sala1/sensor/hum
2025-11-14 19:22:36,sala1,temp,18.95,lan/sala1/sensor/temp
2025-11-14 19:22:36,sala2,temp,19.07,lan/sala2/sensor/temp
2025-11-14 19:22:37,sala1,hum,39.78,lan/sala1/sensor/hum
2025-11-14 19:22:38,sala1,temp,27.71,lan/sala1/sensor/temp
2025-11-14 19:22:38,sala2,temp,27.28,lan/sala2/sensor/temp
2025-11-14 19:22:39,sala1,hum,31.46,lan/sala1/sensor/hum
2025-11-14 19:22:40,sala1,temp,19.29,lan/sala1/sensor/temp
2025-11-14 19:22:40,sala2,temp,22.78,lan/sala2/sensor/temp
2025-11-14 19:22:41,sala1,hum,64.08,lan/sala1/sensor/hum
2025-11-14 19:22:42,sala1,temp,25.18,lan/sala1/sensor/temp
2025-11-14 19:22:42,sala2,temp,23.93,lan/sala2/sensor/temp
2025-11-14 19:22:43,sala1,hum,51.72,lan/sala1/sensor/hum
2025-11-14 19:22:44,sala1,temp,26.66,lan/sala1/sensor/temp
2025-11-14 19:22:44,sala2,temp,21.65,lan/sala2/sensor/temp
2025-11-14 19:22:45,sala1,hum,61.9,lan/sala1/sensor/hum
2025-11-14 19:22:46,sala1,temp,25.98,lan/sala1/sensor/temp
2025-11-14 19:22:46,sala2,temp,23.03,lan/sala2/sensor/temp
2025-11-14 19:22:47,sala1,hum,55.61,lan/sala1/sensor/hum
2025-11-14 19:22:48,sala1,temp,22.8,lan/sala1/sensor/temp
2025-11-14 19:22:48,sala2,temp,23.7,lan/sala2/sensor/temp
2025-11-14 19:22:49,sala1,hum,58.69,lan/sala1/sensor/hum
2025-11-14 19:22:50,sala1,temp,25.73,lan/sala1/sensor/temp
2025-11-14 19:22:50,sala2,temp,21.58,lan/sala2/sensor/temp
2025-11-14 19:22:51,sala1,hum,50.24,lan/sala1/sensor/hum
2025-11-14 19:22:52,sala1,temp,24.86,lan/sala1/sensor/temp
2025-11-14 19:22:52,sala2,temp,27.84,lan/sala2/sensor/temp
2025-11-14 19:22:53,sala1,hum,57.79,lan/sala1/sensor/hum
2025-11-14 19:22:54,sala1,temp,21.67,lan/sala1/sensor/temp
2025-11-14 19:22:54,sala2,temp,23.07,lan/sala2/sensor/temp
2025-11-14 19:22:55,sala1,hum,51.72,lan/sala1/sensor/hum
2025-11-14 19:22:56,sala1,temp,25.04,lan/sala1/sensor/temp
2025-11-14 19:22:56,sala2,temp,27.83,lan/sala2/sensor/temp
2025-11-14 19:22:57,sala1,hum,66.9,lan/sala1/sensor/hum
2025-11-14 19:22:58,sala1,temp,22.19,lan/sala1/sensor/temp
2025-11-14 19:22:58,sala2,temp,25.5,lan/sala2/sensor/temp
2025-11-14 19:22:59,sala1,hum,64.65,lan/sala1/sensor/hum
2025-11-14 19:23:00,sala1,temp,24.88,lan/sala1/sensor/temp
2025-11-14 19:23:00,sala2,temp,21.97,lan/sala2/sensor/temp
2025-11-14 19:23:01,sala1,hum,47.99,lan/sala1/sensor/hum
2025-11-14 19:23:02,sala1,temp,22.45,lan/sala1/sensor/temp
2025-11-14 19:23:02,sala2,temp,18.83,lan/sala2/sensor/temp
2025-11-14 19:23:03,sala1,hum,42.98,lan/sala1/sensor/hum
2025-11-14 19:23:04,sala1,temp,24.9,lan/sala1/sensor/temp
2025-11-14 19:23:04,sala2,temp,21.5,lan/sala2/sensor/temp
2025-11-14 19:23:05,sala1,hum,67.91,lan/sala1/sensor/hum
2025-11-14 19:23:06,sala1,temp,23.51,lan/sala1/sensor/temp
2025-11-14 19:23:06,sala2,temp,27.22,lan/sala2/sensor/temp
2025-11-14 19:23:07,sala1,hum,54.66,lan/sala1/sensor/hum
2025-11-14 19:23:08,sala1,temp,19.62,lan/sala1/sensor/temp
2025-11-14 19:23:08,sala2,temp,22.5,lan/sala2/sensor/temp
2025-11-14 19:23:09,sala1,hum,54.96,lan/sala1/sensor/hum
2025-11-14 19:23:10,sala1,temp,27.96,lan/sala1/sensor/temp
2025-11-14 19:23:10,sala2,temp,23.78,lan/sala2/sensor/temp
2025-11-14 19:23:11,sala1,hum,55.28,lan/sala1/sensor/hum
2025-11-14 19:23:12,sala1,temp,18.88,lan/sala1/sensor/temp
2025-11-14 19:23:12,sala2,temp,21.18,lan/sala2/sensor/temp
2025-11-14 19:23:13,sala1,hum,43.93,lan/sala1/sensor/hum
2025-11-14 19:23:14,sala1,temp,20.57,lan/sala1/sensor/temp
2025-11-14 19:23:14,sala2,temp,19.09,lan/sala2/sensor/temp
2025-11-14 19:23:15,sala1,hum,66.15,lan/sala1/sensor/hum
2025-11-14 19:23:16,sala1,temp,20.39,lan/sala1/sensor/temp
2025-11-14 19:23:16,sala2,temp,19.21,lan/sala2/sensor/temp
2025-11-14 19:23:17,sala1,hum,66.98,lan/sala1/sensor/hum
2025-11-14 19:23:18,sala1,temp,19.73,lan/sala1/sensor/temp
2025-11-14 19:23:18,sala2,temp,21.85,lan/sala2/sensor/temp
2025-11-14 19:23:19,sala1,hum,41.74,lan/sala1/sensor/hum
2025-11-14 19:23:20,sala1,temp,24.58,lan/sala1/sensor/temp
2025-11-14 19:23:20,sala2,temp,27.95,lan/sala2/sensor/temp
2025-11-14 19:23:22,sala1,temp,23.33,lan/sala1/sensor/temp
2025-11-14 19:23:23,sala2,temp,20.26,lan/sala2/sensor/temp
2025-11-14 19:23:23,sala1,hum,62.96,lan/sala1/sensor/hum
2025-11-14 19:23:24,sala1,hum,56.2,lan/sala1/sensor/hum
2025-11-14 19:23:24,sala2,temp,22.71,lan/sala2/sensor/temp
2025-11-14 19:23:24,sala1,temp,27.37,lan/sala1/sensor/temp
2025-11-14 19:23:25,sala1,hum,69.4,lan/sala1/sensor/hum
2025-11-14 19:23:26,sala1,temp,24.99,lan/sala1/sensor/temp
2025-11-14 19:23:26,sala2,temp,20.65,lan/sala2/sensor/temp
2025-11-14 19:23:27,sala1,hum,48.36,lan/sala1/sensor/hum
2025-11-14 19:23:28,sala1,temp,22.8,lan/sala1/sensor/temp
2025-11-14 19:23:28,sala2,temp,22.57,lan/sala2/sensor/temp
2025-11-14 19:23:29,sala1,hum,34.14,lan/sala1/sensor/hum
2025-11-14 19:23:30,sala1,temp,24.93,lan/sala1/sensor/temp
2025-11-14 19:23:30,sala2,temp,27.78,lan/sala2/sensor/temp
2025-11-14 19:23:31,sala1,hum,36.6,lan/sala1/sensor/hum
2025-11-14 19:23:32,sala1,temp,21.93,lan/sala1/sensor/temp
2025-11-14 19:23:32,sala2,temp,23.63,lan/sala2/sensor/temp
2025-11-14 19:23:33,sala1,hum,55.74,lan/sala1/sensor/hum
2025-11-14 19:23:34,sala1,temp,27.86,lan/sala1/sensor/temp
2025-11-14 19:23:34,sala2,temp,19.35,lan/sala2/sensor/temp
2025-11-14 19:23:35,sala1,hum,41.95,lan/sala1/sensor/hum
2025-11-14 19:23:36,sala1,temp,24.89,lan/sala1/sensor/temp
2025-11-14 19:23:36,sala2,temp,18.74,lan/sala2/sensor/temp
2025-11-14 19:23:37,sala1,hum,60.0,lan/sala1/sensor/hum
2025-11-14 19:23:38,sala1,temp,24.02,lan/sala1/sensor/temp
2025-11-14 19:23:38,sala2,temp,23.52,lan/sala2/sensor/temp
2025-11-14 19:23:39,sala1,hum,51.8,lan/sala1/sensor/hum
2025-11-14 19:23:40,sala1,temp,27.03,lan/sala1/sensor/temp
2025-11-14 19:23:40,sala2,temp,24.26,lan/sala2/sensor/temp
2025-11-14 19:23:41,sala1,hum,32.55,lan/sala1/sensor/hum
2025-11-14 19:23:42,sala1,temp,20.85,lan/sala1/sensor/temp
2025-11-14 19:23:42,sala2,temp,18.02,lan/sala2/sensor/temp
2025-11-14 19:23:43,sala1,hum,31.58,lan/sala1/sensor/hum
2025-11-14 19:23:44,sala1,temp,23.18,lan/sala1/sensor/temp
2025-11-14 19:23:44,sala2,temp,23.58,lan/sala2/sensor/temp
2025-11-14 19:23:45,sala1,hum,67.03,lan/sala1/sensor/hum
2025-11-14 19:23:46,sala1,temp,23.97,lan/sala1/sensor/temp
2025-11-14 19:23:46,sala2,temp,27.64,lan/sala2/sensor/temp
2025-11-14 19:23:47,sala1,hum,31.38,lan/sala1/sensor/hum
2025-11-14 19:23:48,sala1,temp,23.09,lan/sala1/sensor/temp
2025-11-14 19:23:48,sala2,temp,26.85,lan/sala2/sensor/temp
2025-11-14 19:23:49,sala1,hum,32.96,lan/sala1/sensor/hum
2025-11-14 19:23:50,sala1,temp,20.15,lan/sala1/sensor/temp
2025-11-14 19:23:50,sala2,temp,22.02,lan/sala2/sensor/temp
2025-11-14 19:23:51,sala1,hum,37.67,lan/sala1/sensor/hum
2025-11-14 19:23:52,sala1,temp,27.29,lan/sala1/sensor/temp
2025-11-14 19:23:52,sala2,temp,22.0,lan/sala2/sensor/temp
2025-11-14 19:23:53,sala1,hum,50.58,lan/sala1/sensor/hum
2025-11-14 19:23:54,sala1,temp,21.13,lan/sala1/sensor/temp
2025-11-14 19:23:54,sala2,temp,27.69,lan/sala2/sensor/temp
2025-11-14 19:23:55,sala1,hum,60.88,lan/sala1/sensor/hum
2025-11-14 19:23:56,sala1,temp,18.89,lan/sala1/sensor/temp
2025-11-14 19:23:56,sala2,temp,25.92,lan/sala2/sensor/temp
2025-11-14 19:23:57,sala1,hum,52.13,lan/sala1/sensor/hum
2025-11-14 19:23:58,sala1,temp,24.13,lan/sala1/sensor/temp
2025-11-14 19:23:58,sala2,temp,27.44,lan/sala2/sensor/temp
2025-11-14 19:23:59,sala1,hum,52.99,lan/sala1/sensor/hum
2025-11-14 19:24:00,sala1,temp,21.15,lan/sala1/sensor/temp
2025-11-14 19:24:00,sala2,temp,18.45,lan/sala2/sensor/temp
2025-11-14 19:24:01,sala1,hum,37.83,lan/sala1/sensor/hum
2025-11-14 19:24:02,sala2,temp,19.84,lan/sala2/sensor/temp
2025-11-14 19:24:02,sala1,temp,20.94,lan/sala1/sensor/temp
2025-11-14 19:24:03,sala1,hum,32.9,lan/sala1/sensor/hum
2025-11-14 19:24:04,sala1,temp,18.49,lan/sala1/sensor/temp
2025-11-14 19:24:04,sala2,temp,21.37,lan/sala2/sensor/temp
2025-11-14 19:24:05,sala1,hum,65.36,lan/sala1/sensor/hum
2025-11-14 19:24:06,sala2,temp,21.16,lan/sala2/sensor/temp
2025-11-14 19:24:06,sala1,temp,23.59,lan/sala1/sensor/temp
2025-11-14 19:24:07,sala1,hum,41.48,lan/sala1/sensor/hum
2025-11-14 19:24:08,sala2,temp,24.92,lan/sala2/sensor/temp
2025-11-14 19:24:08,sala1,temp,27.58,lan/sala1/sensor/temp
2025-11-14 19:24:09,sala1,hum,58.58,lan/sala1/sensor/hum
2025-11-14 19:24:10,sala2,temp,24.46,lan/sala2/sensor/temp
2025-11-14 19:24:10,sala1,temp,20.17,lan/sala1/sensor/temp
2025-11-14 19:24:11,sala1,hum,37.93,lan/sala1/sensor/hum
2025-11-14 19:24:12,sala2,temp,22.54,lan/sala2/sensor/temp
2025-11-14 19:24:12,sala1,temp,26.8,lan/sala1/sensor/temp
2025-11-14 19:24:13,sala1,hum,38.29,lan/sala1/sensor/hum
2025-11-14 19:24:14,sala2,temp,22.61,lan/sala2/sensor/temp
2025-11-14 19:24:14,sala1,temp,22.57,lan/sala1/sensor/temp
2025-11-14 19:24:15,sala1,hum,38.37,lan/sala1/sensor/hum
2025-11-14 19:24:16,sala2,temp,22.28,lan/sala2/sensor/temp
2025-11-14 19:24:16,sala1,temp,21.91,lan/sala1/sensor/temp
2025-11-14 19:24:17,sala1,hum,61.24,lan/sala1/sensor/hum
2025-11-14 19:24:18,sala2,temp,23.33,lan/sala2/sensor/temp
2025-11-14 19:24:18,sala1,temp,23.55,lan/sala1/sensor/temp
2025-11-14 19:24:19,sala1,hum,50.42,lan/sala1/sensor/hum
2025-11-14 19:24:20,sala2,temp,20.71,lan/sala2/sensor/temp
2025-11-14 19:24:20,sala1,temp,18.37,lan/sala1/sensor/temp
2025-11-14 19:24:21,sala1,hum,58.26,lan/sala1/sensor/hum
2025-11-14 19:24:22,sala2,temp,21.98,lan/sala2/sensor/temp
2025-11-14 19:24:22,sala1,temp,19.23,lan/sala1/sensor/temp
2025-11-14 19:24:23,sala1,hum,43.25,lan/sala1/sensor/hum
2025-11-14 19:24:24,sala2,temp,19.66,lan/sala2/sensor/temp
2025-11-14 19:24:24,sala1,temp,20.48,lan/sala1/sensor/temp
2025-11-14 19:24:25,sala1,hum,57.4,lan/sala1/sensor/hum
2025-11-14 19:24:26,sala2,temp,24.2,lan/sala2/sensor/temp
2025-11-14 19:24:26,sala1,temp,24.12,lan/sala1/sensor/temp
2025-11-14 19:24:27,sala1,hum,42.22,lan/sala1/sensor/hum
2025-11-14 19:24:28,sala2,temp,24.9,lan/sala2/sensor/temp
2025-11-14 19:24:28,sala1,temp,26.52,lan/sala1/sensor/temp
2025-11-14 19:24:29,sala1,hum,67.65,lan/sala1/sensor/hum
2025-11-14 19:24:30,sala2,temp,22.73,lan/sala2/sensor/temp
2025-11-14 19:24:30,sala1,temp,25.24,lan/sala1/sensor/temp
2025-11-14 19:24:31,sala1,hum,46.82,lan/sala1/sensor/hum
2025-11-14 19:24:32,sala2,temp,18.96,lan/sala2/sensor/temp
2025-11-14 19:24:32,sala1,temp,22.68,lan/sala1/sensor/temp
2025-11-14 19:24:33,sala1,hum,42.68,lan/sala1/sensor/hum
2025-11-14 19:24:34,sala2,temp,25.24,lan/sala2/sensor/temp
2025-11-14 19:24:34,sala1,temp,27.55,lan/sala1/sensor/temp
2025-11-14 19:24:35,sala1,hum,35.44,lan/sala1/sensor/hum
2025-11-14 19:24:36,sala1,temp,21.08,lan/sala1/sensor/temp
2025-11-14 19:24:36,sala2,temp,22.26,lan/sala2/sensor/temp
2025-11-14 19:24:37,sala1,hum,52.44,lan/sala1/sensor/hum
2025-11-14 19:24:38,sala1,temp,20.64,lan/sala1/sensor/temp
2025-11-14 19:24:38,sala2,temp,22.93,lan/sala2/sensor/temp
2025-11-14 19:24:39,sala1,hum,41.15,lan/sala1/sensor/hum
2025-11-14 19:24:40,sala1,temp,18.82,lan/sala1/sensor/temp
2025-11-14 19:24:40,sala2,temp,18.29,lan/sala2/sensor/temp
2025-11-14 19:24:41,sala1,hum,54.5,lan/sala1/sensor/hum
2025-11-14 19:24:42,sala1,temp,20.52,lan/sala1/sensor/temp
2025-11-14 19:24:42,sala2,temp,27.6,lan/sala2/sensor/temp
2025-11-14 19:24:43,sala1,hum,52.45,lan/sala1/sensor/hum
2025-11-14 19:24:44,sala1,temp,25.33,lan/sala1/sensor/temp
2025-11-14 19:24:44,sala2,temp,26.98,lan/sala2/sensor/temp
2025-11-14 19:24:45,sala1,hum,46.41,lan/sala1/sensor/hum
2025-11-14 19:24:46,sala1,temp,25.54,lan/sala1/sensor/temp
2025-11-14 19:24:46,sala2,temp,21.78,lan/sala2/sensor/temp
2025-11-14 19:24:47,sala1,hum,55.47,lan/sala1/sensor/hum
2025-11-14 19:24:48,sala1,temp,21.23,lan/sala1/sensor/temp
2025-11-14 19:24:48,sala2,temp,25.05,lan/sala2/sensor/temp
2025-11-14 19:24:49,sala1,hum,66.9,lan/sala1/sensor/hum
2025-11-14 19:24:50,sala1,temp,21.74,lan/sala1/sensor/temp
2025-11-14 19:24:50,sala2,temp,24.97,lan/sala2/sensor/temp
2025-11-14 19:24:51,sala1,hum,58.47,lan/sala1/sensor/hum
2025-11-14 19:24:52,sala1,temp,21.35,lan/sala1/sensor/temp
2025-11-14 19:24:52,sala2,temp,18.58,lan/sala2/sensor/temp
2025-11-14 19:24:53,sala1,hum,31.6,lan/sala1/sensor/hum
2025-11-14 19:24:54,sala1,temp,26.17,lan/sala1/sensor/temp
2025-11-14 19:24:54,sala2,temp,25.04,lan/sala2/sensor/temp
2025-11-14 19:24:55,sala1,hum,64.21,lan/sala1/sensor/hum
2025-11-14 19:24:56,sala1,temp,24.6,lan/sala1/sensor/temp
2025-11-14 19:24:56,sala2,temp,19.0,lan/sala2/sensor/temp
2025-11-14 19:24:58,sala1,hum,45.02,lan/sala1/sensor/hum
2025-11-14 19:24:58,sala1,temp,19.31,lan/sala1/sensor/temp
2025-11-14 19:24:58,sala2,temp,18.42,lan/sala2/sensor/temp
2025-11-14 19:25:00,sala1,hum,50.1,lan/sala1/sensor/hum
2025-11-14 19:25:00,sala1,temp,21.95,lan/sala1/sensor/temp
2025-11-14 19:25:00,sala2,temp,19.49,lan/sala2/sensor/temp
2025-11-14 19:25:02,sala1,hum,47.83,lan/sala1/sensor/hum
2025-11-14 19:25:02,sala1,temp,20.61,lan/sala1/sensor/temp
2025-11-14 19:25:02,sala2,temp,24.62,lan/sala2/sensor/temp
2025-11-14 19:25:04,sala1,hum,45.32,lan/sala1/sensor/hum
2025-11-14 19:25:04,sala1,temp,20.17,lan/sala1/sensor/temp
2025-11-14 19:25:04,sala2,temp,22.53,lan/sala2/sensor/temp
2025-11-14 19:25:06,sala1,hum,31.83,lan/sala1/sensor/hum
2025-11-14 19:25:06,sala1,temp,20.54,lan/sala1/sensor/temp
2025-11-14 19:25:06,sala2,temp,22.01,lan/sala2/sensor/temp
2025-11-14 19:25:08,sala1,hum,37.3,lan/sala1/sensor/hum
2025-11-14 19:25:08,sala1,temp,22.26,lan/sala1/sensor/temp
2025-11-14 19:25:08,sala2,temp,27.28,lan/sala2/sensor/temp
2025-11-14 19:25:10,sala1,hum,32.23,lan/sala1/sensor/hum
2025-11-14 19:25:10,sala1,temp,19.22,lan/sala1/sensor/temp
2025-11-14 19:25:10,sala2,temp,24.3,lan/sala2/sensor/temp
2025-11-14 19:25:12,sala1,hum,41.57,lan/sala1/sensor/hum
2025-11-14 19:25:12,sala1,temp,24.89,lan/sala1/sensor/temp
2025-11-14 19:25:12,sala2,temp,26.7,lan/sala2/sensor/temp
2025-11-14 19:25:14,sala1,hum,67.76,lan/sala1/sensor/hum
2025-11-14 19:25:14,sala1,temp,24.48,lan/sala1/sensor/temp
2025-11-14 19:25:14,sala2,temp,19.86,lan/sala2/sensor/temp
2025-11-14 19:25:16,sala1,hum,65.66,lan/sala1/sensor/hum
2025-11-14 19:25:16,sala1,temp,25.48,lan/sala1/sensor/temp
2025-11-14 19:25:16,sala2,temp,24.23,lan/sala2/sensor/temp
2025-11-14 19:25:18,sala1,hum,30.29,lan/sala1/sensor/hum
2025-11-14 19:25:18,sala1,temp,26.66,lan/sala1/sensor/temp
2025-11-14 19:25:18,sala2,temp,19.2,lan/sala2/sensor/temp
2025-11-14 19:25:20,sala1,hum,53.61,lan/sala1/sensor/hum
2025-11-14 19:25:20,sala1,temp,24.14,lan/sala1/sensor/temp
2025-11-14 19:25:20,sala2,temp,24.15,lan/sala2/sensor/temp
2025-11-14 19:25:22,sala1,hum,35.62,lan/sala1/sensor/hum
2025-11-14 19:25:22,sala1,temp,26.4,lan/sala1/sensor/temp
2025-11-14 19:25:22,sala2,temp,18.85,lan/sala2/sensor/temp
2025-11-14 19:25:24,sala1,hum,44.85,lan/sala1/sensor/hum
2025-11-14 19:25:24,sala1,temp,25.93,lan/sala1/sensor/temp
2025-11-14 19:25:24,sala2,temp,27.86,lan/sala2/sensor/temp
2025-11-14 19:25:26,sala1,hum,58.84,lan/sala1/sensor/hum
2025-11-14 19:25:26,sala1,temp,25.15,lan/sala1/sensor/temp
2025-11-14 19:25:26,sala2,temp,22.04,lan/sala2/sensor/temp
2025-11-14 19:25:28,sala1,hum,54.55,lan/sala1/sensor/hum
2025-11-14 19:25:28,sala1,temp,18.8,lan/sala1/sensor/temp
2025-11-14 19:25:28,sala2,temp,23.9,lan/sala2/sensor/temp
2025-11-14 19:25:30,sala1,hum,42.85,lan/sala1/sensor/hum
2025-11-14 19:25:30,sala1,temp,18.33,lan/sala1/sensor/temp
2025-11-14 19:25:30,sala2,temp,20.71,lan/sala2/sensor/temp
2025-11-14 19:25:32,sala1,hum,55.95,lan/sala1/sensor/hum
2025-11-14 19:25:32,sala1,temp,19.37,lan/sala1/sensor/temp
2025-11-14 19:25:32,sala2,temp,24.88,lan/sala2/sensor/temp
2025-11-14 19:25:34,sala1,hum,47.52,lan/sala1/sensor/hum
2025-11-14 19:25:34,sala1,temp,24.51,lan/sala1/sensor/temp
2025-11-14 19:25:34,sala2,temp,27.46,lan/sala2/sensor/temp
2025-11-14 19:25:36,sala1,hum,33.46,lan/sala1/sensor/hum
2025-11-14 19:25:36,sala1,temp,20.11,lan/sala1/sensor/temp
2025-11-14 19:25:36,sala2,temp,18.55,lan/sala2/sensor/temp
2025-11-14 19:25:38,sala1,hum,32.39,lan/sala1/sensor/hum
2025-11-14 19:25:38,sala1,temp,19.13,lan/sala1/sensor/temp
2025-11-14 19:25:38,sala2,temp,21.28,lan/sala2/sensor/temp
2025-11-14 19:25:40,sala1,hum,53.62,lan/sala1/sensor/hum
2025-11-14 19:25:40,sala1,temp,24.2,lan/sala1/sensor/temp
2025-11-14 19:25:40,sala2,temp,23.51,lan/sala2/sensor/temp
2025-11-14 19:25:42,sala1,hum,66.46,lan/sala1/sensor/hum
2025-11-14 19:25:42,sala1,temp,27.88,lan/sala1/sensor/temp
2025-11-14 19:25:42,sala2,temp,26.23,lan/sala2/sensor/temp
2025-11-14 19:25:44,sala1,hum,31.38,lan/sala1/sensor/hum
2025-11-14 19:25:44,sala1,temp,19.8,lan/sala1/sensor/temp
2025-11-14 19:25:44,sala2,temp,23.61,lan/sala2/sensor/temp
2025-11-14 19:25:46,sala1,hum,57.48,lan/sala1/sensor/hum
2025-11-14 19:25:46,sala1,temp,25.42,lan/sala1/sensor/temp
2025-11-14 19:25:46,sala2,temp,20.56,lan/sala2/sensor/temp
2025-11-14 19:25:48,sala1,hum,64.36,lan/sala1/sensor/hum
2025-11-14 19:25:48,sala1,temp,19.17,lan/sala1/sensor/temp
2025-11-14 19:25:48,sala2,temp,27.82,lan/sala2/sensor/temp
2025-11-14 19:25:50,sala1,hum,52.22,lan/sala1/sensor/hum
2025-11-14 19:25:50,sala1,temp,18.37,lan/sala1/sensor/temp
2025-11-14 19:25:50,sala2,temp,23.98,lan/sala2/sensor/temp
2025-11-14 19:25:52,sala1,hum,35.32,lan/sala1/sensor/hum
2025-11-14 19:25:52,sala1,temp,23.41,lan/sala1/sensor/temp
2025-11-14 19:25:52,sala2,temp,25.76,lan/sala2/sensor/temp
2025-11-14 19:25:54,sala1,hum,35.08,lan/sala1/sensor/hum
2025-11-14 19:25:54,sala1,temp,20.46,lan/sala1/sensor/temp
2025-11-14 19:25:54,sala2,temp,24.38,lan/sala2/sensor/temp
2025-11-14 19:25:56,sala1,hum,56.19,lan/sala1/sensor/hum
2025-11-14 19:25:56,sala1,temp,27.02,lan/sala1/sensor/temp
2025-11-14 19:25:56,sala2,temp,25.51,lan/sala2/sensor/temp
2025-11-14 19:25:58,sala1,hum,62.02,lan/sala1/sensor/hum
2025-11-14 19:25:58,sala1,temp,25.24,lan/sala1/sensor/temp
2025-11-14 19:25:58,sala2,temp,27.59,lan/sala2/sensor/temp
2025-11-14 19:26:00,sala1,hum,68.17,lan/sala1/sensor/hum
2025-11-14 19:26:00,sala1,temp,23.79,lan/sala1/sensor/temp
2025-11-14 19:26:00,sala2,temp,19.94,lan/sala2/sensor/temp
2025-11-14 19:26:02,sala1,hum,45.56,lan/sala1/sensor/hum
2025-11-14 19:26:02,sala1,temp,26.75,lan/sala1/sensor/temp
2025-11-14 19:26:02,sala2,temp,25.67,lan/sala2/sensor/temp
2025-11-14 19:26:04,sala1,hum,58.65,lan/sala1/sensor/hum
2025-11-14 19:26:04,sala2,temp,25.4,lan/sala2/sensor/temp
2025-11-14 19:26:04,sala1,temp,21.67,lan/sala1/sensor/temp
2025-11-14 19:26:06,sala1,hum,61.06,lan/sala1/sensor/hum
2025-11-14 19:26:06,sala1,temp,23.54,lan/sala1/sensor/temp
2025-11-14 19:26:06,sala2,temp,23.46,lan/sala2/sensor/temp
2025-11-14 19:26:08,sala1,hum,37.58,lan/sala1/sensor/hum
2025-11-14 19:26:08,sala1,temp,26.32,lan/sala1/sensor/temp
2025-11-14 19:26:08,sala2,temp,21.46,lan/sala2/sensor/temp
2025-11-14 19:26:10,sala1,hum,58.32,lan/sala1/sensor/hum
2025-11-14 19:26:10,sala1,temp,23.52,lan/sala1/sensor/temp
2025-11-14 19:26:10,sala2,temp,23.69,lan/sala2/sensor/temp
2025-11-14 19:26:12,sala1,hum,69.2,lan/sala1/sensor/hum
2025-11-14 19:26:12,sala1,temp,20.22,lan/sala1/sensor/temp
2025-11-14 19:26:12,sala2,temp,24.78,lan/sala2/sensor/temp
2025-11-14 19:26:14,sala1,hum,36.43,lan/sala1/sensor/hum
2025-11-14 19:26:14,sala1,temp,19.63,lan/sala1/sensor/temp
2025-11-14 19:26:14,sala2,temp,18.79,lan/sala2/sensor/temp
2025-11-14 19:26:16,sala1,hum,38.29,lan/sala1/sensor/hum
2025-11-14 19:26:16,sala1,temp,26.03,lan/sala1/sensor/temp
2025-11-14 19:26:16,sala2,temp,23.6,lan/sala2/sensor/temp
2025-11-14 19:26:18,sala1,hum,35.14,lan/sala1/sensor/hum
2025-11-14 19:26:18,sala1,temp,18.2,lan/sala1/sensor/temp
2025-11-14 19:26:18,sala2,temp,21.76,lan/sala2/sensor/temp
2025-11-14 19:26:20,sala1,hum,56.81,lan/sala1/sensor/hum
2025-11-14 19:26:20,sala1,temp,25.56,lan/sala1/sensor/temp
2025-11-14 19:26:20,sala2,temp,18.58,lan/sala2/sensor/temp
2025-11-14 19:26:22,sala1,hum,36.15,lan/sala1/sensor/hum
2025-11-14 19:26:22,sala1,temp,26.64,lan/sala1/sensor/temp
2025-11-14 19:26:22,sala2,temp,23.95,lan/sala2/sensor/temp
2025-11-14 19:26:24,sala1,hum,52.32,lan/sala1/sensor/hum
2025-11-14 19:26:24,sala1,temp,21.87,lan/sala1/sensor/temp
2025-11-14 19:26:24,sala2,temp,21.27,lan/sala2/sensor/temp
2025-11-14 19:26:26,sala1,hum,46.05,lan/sala1/sensor/hum
2025-11-14 19:26:26,sala1,temp,22.07,lan/sala1/sensor/temp
2025-11-14 19:26:26,sala2,temp,22.91,lan/sala2/sensor/temp
2025-11-14 19:26:28,sala1,hum,40.29,lan/sala1/sensor/hum
2025-11-14 19:26:28,sala1,temp,19.55,lan/sala1/sensor/temp
2025-11-14 19:26:28,sala2,temp,24.23,lan/sala2/sensor/temp
2025-11-14 19:26:30,sala1,hum,61.04,lan/sala1/sensor/hum
2025-11-14 19:26:30,sala1,temp,19.95,lan/sala1/sensor/temp
2025-11-14 19:26:30,sala2,temp,27.74,lan/sala2/sensor/temp
2025-11-14 19:26:32,sala1,hum,52.91,lan/sala1/sensor/hum
2025-11-14 19:26:32,sala1,temp,23.72,lan/sala1/sensor/temp
2025-11-14 19:26:32,sala2,temp,20.34,lan/sala2/sensor/temp
2025-11-14 19:26:34,sala1,hum,60.55,lan/sala1/sensor/hum
2025-11-14 19:26:34,sala1,temp,27.69,lan/sala1/sensor/temp
2025-11-14 19:26:34,sala2,temp,23.76,lan/sala2/sensor/temp
2025-11-14 19:26:36,sala1,hum,69.62,lan/sala1/sensor/hum
2025-11-14 19:26:36,sala1,temp,22.29,lan/sala1/sensor/temp
2025-11-14 19:26:36,sala2,temp,18.03,lan/sala2/sensor/temp
2025-11-14 19:26:38,sala1,hum,33.78,lan/sala1/sensor/hum
2025-11-14 19:26:38,sala1,temp,22.76,lan/sala1/sensor/temp
2025-11-14 19:26:38,sala2,temp,22.94,lan/sala2/sensor/temp
2025-11-14 19:26:40,sala1,hum,69.17,lan/sala1/sensor/hum
2025-11-14 19:26:40,sala1,temp,20.31,lan/sala1/sensor/temp
2025-11-14 19:26:40,sala2,temp,25.38,lan/sala2/sensor/temp
2025-11-14 19:26:42,sala1,hum,34.01,lan/sala1/sensor/hum
2025-11-14 19:26:42,sala1,temp,24.78,lan/sala1/sensor/temp
2025-11-14 19:26:42,sala2,temp,19.59,lan/sala2/sensor/temp
2025-11-14 19:26:44,sala1,hum,60.72,lan/sala1/sensor/hum
2025-11-14 19:26:44,sala1,temp,23.6,lan/sala1/sensor/temp
2025-11-14 19:26:44,sala2,temp,26.06,lan/sala2/sensor/temp
2025-11-14 19:26:46,sala1,hum,63.58,lan/sala1/sensor/hum
2025-11-14 19:26:46,sala1,temp,25.47,lan/sala1/sensor/temp
2025-11-14 19:26:46,sala2,temp,23.71,lan/sala2/sensor/temp
2025-11-14 19:26:48,sala1,hum,30.03,lan/sala1/sensor/hum
2025-11-14 19:26:48,sala1,temp,21.7,lan/sala1/sensor/temp
2025-11-14 19:26:48,sala2,temp,20.02,lan/sala2/sensor/temp
2025-11-14 19:26:50,sala1,hum,56.72,lan/sala1/sensor/hum
2025-11-14 19:26:50,sala1,temp,19.52,lan/sala1/sensor/temp
2025-11-14 19:26:50,sala2,temp,22.49,lan/sala2/sensor/temp
2025-11-14 19:26:52,sala1,hum,52.45,lan/sala1/sensor/hum
2025-11-14 19:26:52,sala1,temp,20.03,lan/sala1/sensor/temp
2025-11-14 19:26:52,sala2,temp,25.71,lan/sala2/sensor/temp
2025-11-14 19:26:54,sala1,hum,58.08,lan/sala1/sensor/hum
2025-11-14 19:26:54,sala1,temp,21.55,lan/sala1/sensor/temp
2025-11-14 19:26:54,sala2,temp,25.13,lan/sala2/sensor/temp
2025-11-14 19:26:56,sala1,hum,38.33,lan/sala1/sensor/hum
2025-11-14 19:26:56,sala1,temp,19.46,lan/sala1/sensor/temp
2025-11-14 19:26:56,sala2,temp,23.32,lan/sala2/sensor/temp
2025-11-14 19:26:58,sala1,hum,36.24,lan/sala1/sensor/hum
2025-11-14 19:26:58,sala1,temp,18.07,lan/sala1/sensor/temp
2025-11-14 19:26:58,sala2,temp,22.31,lan/sala2/sensor/temp
2025-11-14 19:27:00,sala1,hum,56.11,lan/sala1/sensor/hum
2025-11-14 19:27:00,sala1,temp,19.91,lan/sala1/sensor/temp
2025-11-14 19:27:00,sala2,temp,23.6,lan/sala2/sensor/temp
2025-11-14 19:27:02,sala1,hum,54.96,lan/sala1/sensor/hum
2025-11-14 19:27:02,sala1,temp,18.89,lan/sala1/sensor/temp
2025-11-14 19:27:02,sala2,temp,21.26,lan/sala2/sensor/temp
2025-11-14 19:27:04,sala1,hum,63.89,lan/sala1/sensor/hum
2025-11-14 19:27:04,sala1,temp,21.13,lan/sala1/sensor/temp
2025-11-14 19:27:04,sala2,temp,19.95,lan/sala2/sensor/temp
2025-11-14 19:27:06,sala1,hum,67.03,lan/sala1/sensor/hum
2025-11-14 19:27:06,sala1,temp,25.0,lan/sala1/sensor/temp
2025-11-14 19:27:06,sala2,temp,26.38,lan/sala2/sensor/temp
2025-11-14 19:27:08,sala1,hum,47.72,lan/sala1/sensor/hum
2025-11-14 19:27:08,sala1,temp,23.35,lan/sala1/sensor/temp
2025-11-14 19:27:08,sala2,temp,20.1,lan/sala2/sensor/temp
2025-11-14 19:27:10,sala1,hum,60.64,lan/sala1/sensor/hum
2025-11-14 19:27:10,sala1,temp,19.78,lan/sala1/sensor/temp
2025-11-14 19:27:10,sala2,temp,26.72,lan/sala2/sensor/temp
2025-11-14 19:27:12,sala1,hum,52.71,lan/sala1/sensor/hum
2025-11-14 19:27:12,sala1,temp,25.25,lan/sala1/sensor/temp
2025-11-14 19:27:12,sala2,temp,18.27,lan/sala2/sensor/temp
2025-11-14 19:27:14,sala1,hum,66.19,lan/sala1/sensor/hum
2025-11-14 19:27:14,sala1,temp,20.01,lan/sala1/sensor/temp
2025-11-14 19:27:14,sala2,temp,20.12,lan/sala2/sensor/temp
2025-11-14 19:27:16,sala1,hum,65.62,lan/sala1/sensor/hum
2025-11-14 19:27:16,sala1,temp,26.59,lan/sala1/sensor/temp
2025-11-14 19:27:16,sala2,temp,25.87,lan/sala2/sensor/temp
2025-11-14 19:27:18,sala1,hum,54.5,lan/sala1/sensor/hum
2025-11-14 19:27:18,sala1,temp,23.64,lan/sala1/sensor/temp
2025-11-14 19:27:18,sala2,temp,26.59,lan/sala2/sensor/temp
2025-11-14 19:27:20,sala1,hum,48.96,lan/sala1/sensor/hum
2025-11-14 19:27:20,sala1,temp,26.16,lan/sala1/sensor/temp
2025-11-14 19:27:20,sala2,temp,21.62,lan/sala2/sensor/temp
2025-11-14 19:27:22,sala1,hum,58.87,lan/sala1/sensor/hum
2025-11-14 19:27:22,sala1,temp,18.42,lan/sala1/sensor/temp
2025-11-14 19:27:22,sala2,temp,23.88,lan/sala2/sensor/temp
2025-11-14 19:27:24,sala1,hum,59.26,lan/sala1/sensor/hum
2025-11-14 19:27:24,sala1,temp,20.8,lan/sala1/sensor/temp
2025-11-14 19:27:24,sala2,temp,20.15,lan/sala2/sensor/temp
2025-11-14 19:27:26,sala1,hum,56.4,lan/sala1/sensor/hum
2025-11-14 19:27:26,sala1,temp,26.58,lan/sala1/sensor/temp
2025-11-14 19:27:26,sala2,temp,23.34,lan/sala2/sensor/temp
2025-11-14 19:27:28,sala1,hum,62.43,lan/sala1/sensor/hum
2025-11-14 19:27:28,sala1,temp,19.8,lan/sala1/sensor/temp
2025-11-14 19:27:28,sala2,temp,23.64,lan/sala2/sensor/temp
2025-11-14 19:27:30,sala1,hum,40.05,lan/sala1/sensor/hum
2025-11-14 19:27:30,sala1,temp,21.3,lan/sala1/sensor/temp
2025-11-14 19:27:30,sala2,temp,23.92,lan/sala2/sensor/temp
2025-11-14 19:27:32,sala1,hum,40.5,lan/sala1/sensor/hum
2025-11-14 19:27:32,sala1,temp,20.69,lan/sala1/sensor/temp
2025-11-14 19:27:32,sala2,temp,18.44,lan/sala2/sensor/temp
2025-11-14 19:27:34,sala1,hum,68.85,lan/sala1/sensor/hum
2025-11-14 19:27:34,sala1,temp,23.95,lan/sala1/sensor/temp
2025-11-14 19:27:34,sala2,temp,24.28,lan/sala2/sensor/temp
2025-11-14 19:27:36,sala1,hum,32.42,lan/sala1/sensor/hum
2025-11-14 19:27:36,sala1,temp,18.44,lan/sala1/sensor/temp
2025-11-14 19:27:36,sala2,temp,19.35,lan/sala2/sensor/temp
2025-11-14 19:27:38,sala1,hum,56.0,lan/sala1/sensor/hum
2025-11-14 19:27:38,sala1,temp,24.08,lan/sala1/sensor/temp
2025-11-14 19:27:38,sala2,temp,23.47,lan/sala2/sensor/temp
2025-11-14 19:27:40,sala1,hum,33.49,lan/sala1/sensor/hum
2025-11-14 19:27:40,sala1,temp,21.72,lan/sala1/sensor/temp
2025-11-14 19:27:40,sala2,temp,24.21,lan/sala2/sensor/temp
2025-11-14 19:27:42,sala1,hum,64.53,lan/sala1/sensor/hum
2025-11-14 19:27:42,sala1,temp,23.76,lan/sala1/sensor/temp
2025-11-14 19:27:42,sala2,temp,20.87,lan/sala2/sensor/temp
2025-11-14 19:27:44,sala1,hum,43.78,lan/sala1/sensor/hum
2025-11-14 19:27:44,sala1,temp,21.8,lan/sala1/sensor/temp
2025-11-14 19:27:44,sala2,temp,25.06,lan/sala2/sensor/temp
2025-11-14 19:27:46,sala1,hum,47.38,lan/sala1/sensor/hum
2025-11-14 19:27:46,sala1,temp,24.76,lan/sala1/sensor/temp
2025-11-14 19:27:46,sala2,temp,26.14,lan/sala2/sensor/temp
2025-11-14 19:27:48,sala1,hum,66.28,lan/sala1/sensor/hum
2025-11-14 19:27:48,sala1,temp,23.14,lan/sala1/sensor/temp
2025-11-14 19:27:48,sala2,temp,18.44,lan/sala2/sensor/temp
2025-11-14 19:27:50,sala1,hum,45.53,lan/sala1/sensor/hum
2025-11-14 19:27:50,sala1,temp,20.7,lan/sala1/sensor/temp
2025-11-14 19:27:50,sala2,temp,27.54,lan/sala2/sensor/temp
2025-11-14 19:27:52,sala1,hum,48.23,lan/sala1/sensor/hum
2025-11-14 19:27:52,sala1,temp,19.99,lan/sala1/sensor/temp
2025-11-14 19:27:52,sala2,temp,21.52,lan/sala2/sensor/temp
2025-11-14 19:27:54,sala1,hum,55.96,lan/sala1/sensor/hum
2025-11-14 19:27:54,sala1,temp,22.12,lan/sala1/sensor/temp
2025-11-14 19:27:54,sala2,temp,23.42,lan/sala2/sensor/temp
2025-11-14 19:27:56,sala1,hum,38.19,lan/sala1/sensor/hum
2025-11-14 19:27:56,sala1,temp,20.93,lan/sala1/sensor/temp
2025-11-14 19:27:56,sala2,temp,26.34,lan/sala2/sensor/temp
2025-11-14 19:27:58,sala1,hum,52.63,lan/sala1/sensor/hum
2025-11-14 19:27:58,sala1,temp,25.07,lan/sala1/sensor/temp
2025-11-14 19:27:58,sala2,temp,20.58,lan/sala2/sensor/temp
2025-11-14 19:28:00,sala1,hum,31.29,lan/sala1/sensor/hum
2025-11-14 19:28:00,sala1,temp,18.63,lan/sala1/sensor/temp
2025-11-14 19:28:00,sala2,temp,26.88,lan/sala2/sensor/temp
2025-11-14 19:28:02,sala1,hum,39.66,lan/sala1/sensor/hum
2025-11-14 19:28:02,sala1,temp,20.47,lan/sala1/sensor/temp
2025-11-14 19:28:02,sala2,temp,18.56,lan/sala2/sensor/temp
2025-11-14 19:28:04,sala1,hum,62.28,lan/sala1/sensor/hum
2025-11-14 19:28:04,sala1,temp,18.62,lan/sala1/sensor/temp
2025-11-14 19:28:04,sala2,temp,23.53,lan/sala2/sensor/temp
2025-11-14 19:28:06,sala1,hum,51.71,lan/sala1/sensor/hum
2025-11-14 19:28:06,sala1,temp,26.02,lan/sala1/sensor/temp
2025-11-14 19:28:06,sala2,temp,24.49,lan/sala2/sensor/temp
2025-11-14 19:28:08,sala1,hum,37.83,lan/sala1/sensor/hum
2025-11-14 19:28:08,sala1,temp,26.42,lan/sala1/sensor/temp
2025-11-14 19:28:08,sala2,temp,23.44,lan/sala2/sensor/temp
2025-11-14 19:28:10,sala1,hum,32.55,lan/sala1/sensor/hum
2025-11-14 19:28:10,sala1,temp,19.53,lan/sala1/sensor/temp
2025-11-14 19:28:10,sala2,temp,19.19,lan/sala2/sensor/temp
2025-11-14 19:28:12,sala1,hum,30.87,lan/sala1/sensor/hum
2025-11-14 19:28:12,sala1,temp,21.23,lan/sala1/sensor/temp
2025-11-14 19:28:12,sala2,temp,18.56,lan/sala2/sensor/temp
2025-11-14 19:28:14,sala1,hum,61.09,lan/sala1/sensor/hum
2025-11-14 19:28:14,sala1,temp,19.4,lan/sala1/sensor/temp
2025-11-14 19:28:14,sala2,temp,24.84,lan/sala2/sensor/temp
2025-11-14 19:28:16,sala1,hum,63.86,lan/sala1/sensor/hum
2025-11-14 19:28:16,sala1,temp,23.86,lan/sala1/sensor/temp
2025-11-14 19:28:16,sala2,temp,18.57,lan/sala2/sensor/temp
2025-11-14 19:28:18,sala1,hum,56.06,lan/sala1/sensor/hum
2025-11-14 19:28:18,sala1,temp,19.89,lan/sala1/sensor/temp
2025-11-14 19:28:18,sala2,temp,24.22,lan/sala2/sensor/temp
2025-11-14 19:28:20,sala1,hum,39.06,lan/sala1/sensor/hum
2025-11-14 19:28:20,sala1,temp,22.94,lan/sala1/sensor/temp
2025-11-14 19:28:20,sala2,temp,20.7,lan/sala2/sensor/temp
2025-11-14 19:28:22,sala1,hum,30.89,lan/sala1/sensor/hum
2025-11-14 19:28:22,sala1,temp,25.61,lan/sala1/sensor/temp
2025-11-14 19:28:22,sala2,temp,19.36,lan/sala2/sensor/temp
2025-11-14 19:28:24,sala1,hum,63.64,lan/sala1/sensor/hum
2025-11-14 19:28:24,sala1,temp,19.67,lan/sala1/sensor/temp
2025-11-14 19:28:24,sala2,temp,25.66,lan/sala2/sensor/temp
2025-11-14 19:28:26,sala1,hum,64.14,lan/sala1/sensor/hum
2025-11-14 19:28:26,sala1,temp,19.8,lan/sala1/sensor/temp
2025-11-14 19:28:26,sala2,temp,22.93,lan/sala2/sensor/temp
2025-11-14 19:28:28,sala1,hum,41.87,lan/sala1/sensor/hum
2025-11-14 19:28:28,sala1,temp,19.71,lan/sala1/sensor/temp
2025-11-14 19:28:28,sala2,temp,18.76,lan/sala2/sensor/temp
2025-11-14 19:28:30,sala1,hum,40.5,lan/sala1/sensor/hum
2025-11-14 19:28:30,sala1,temp,23.77,lan/sala1/sensor/temp
2025-11-14 19:28:30,sala2,temp,19.16,lan/sala2/sensor/temp
2025-11-14 19:28:32,sala1,hum,62.84,lan/sala1/sensor/hum
2025-11-14 19:28:32,sala1,temp,18.38,lan/sala1/sensor/temp
2025-11-14 19:28:32,sala2,temp,26.46,lan/sala2/sensor/temp
2025-11-14 19:28:34,sala1,hum,55.53,lan/sala1/sensor/hum
2025-11-14 19:28:34,sala1,temp,24.89,lan/sala1/sensor/temp
2025-11-14 19:28:34,sala2,temp,20.47,lan/sala2/sensor/temp
2025-11-14 19:28:36,sala1,hum,32.89,lan/sala1/sensor/hum
2025-11-14 19:28:36,sala1,temp,19.83,lan/sala1/sensor/temp
2025-11-14 19:28:36,sala2,temp,21.96,lan/sala2/sensor/temp
2025-11-14 19:28:38,sala1,hum,53.59,lan/sala1/sensor/hum
2025-11-14 19:28:38,sala1,temp,22.74,lan/sala1/sensor/temp
2025-11-14 19:28:38,sala2,temp,18.46,lan/sala2/sensor/temp
2025-11-14 19:28:40,sala1,hum,56.68,lan/sala1/sensor/hum
2025-11-14 19:28:40,sala1,temp,19.06,lan/sala1/sensor/temp
2025-11-14 19:28:40,sala2,temp,22.82,lan/sala2/sensor/temp
2025-11-14 19:28:42,sala1,hum,64.79,lan/sala1/sensor/hum
2025-11-14 19:28:42,sala1,temp,23.35,lan/sala1/sensor/temp
2025-11-14 19:28:42,sala2,temp,19.84,lan/sala2/sensor/temp
2025-11-14 19:28:44,sala1,hum,41.44,lan/sala1/sensor/hum
2025-11-14 19:28:44,sala1,temp,23.13,lan/sala1/sensor/temp
2025-11-14 19:28:44,sala2,temp,21.52,lan/sala2/sensor/temp
2025-11-14 19:28:46,sala1,hum,47.5,lan/sala1/sensor/hum
2025-11-14 19:28:46,sala1,temp,21.4,lan/sala1/sensor/temp
2025-11-14 19:28:46,sala2,temp,25.37,lan/sala2/sensor/temp
2025-11-14 19:28:48,sala1,hum,44.99,lan/sala1/sensor/hum
2025-11-14 19:28:48,sala1,temp,22.11,lan/sala1/sensor/temp
2025-11-14 19:28:48,sala2,temp,25.11,lan/sala2/sensor/temp
2025-11-14 19:28:50,sala1,hum,43.19,lan/sala1/sensor/hum
2025-11-14 19:28:50,sala1,temp,23.66,lan/sala1/sensor/temp
2025-11-14 19:28:50,sala2,temp,19.9,lan/sala2/sensor/temp
2025-11-14 19:28:52,sala1,hum,54.81,lan/sala1/sensor/hum
2025-11-14 19:28:52,sala1,temp,20.13,lan/sala1/sensor/temp
2025-11-14 19:28:52,sala2,temp,23.92,lan/sala2/sensor/temp
2025-11-14 19:28:54,sala1,hum,39.95,lan/sala1/sensor/hum
2025-11-14 19:28:54,sala1,temp,20.58,lan/sala1/sensor/temp
2025-11-14 19:28:54,sala2,temp,18.46,lan/sala2/sensor/temp
2025-11-14 19:28:56,sala1,hum,67.87,lan/sala1/sensor/hum
2025-11-14 19:28:56,sala1,temp,26.28,lan/sala1/sensor/temp
2025-11-14 19:28:56,sala2,temp,21.74,lan/sala2/sensor/temp
2025-11-14 19:28:58,sala1,hum,30.95,lan/sala1/sensor/hum
2025-11-14 19:28:58,sala1,temp,20.53,lan/sala1/sensor/temp
2025-11-14 19:28:58,sala2,temp,22.67,lan/sala2/sensor/temp
2025-11-14 19:29:00,sala1,hum,37.89,lan/sala1/sensor/hum
2025-11-14 19:29:00,sala1,temp,21.84,lan/sala1/sensor/temp
2025-11-14 19:29:00,sala2,temp,25.16,lan/sala2/sensor/temp
2025-11-14 19:29:02,sala1,hum,60.98,lan/sala1/sensor/hum
2025-11-14 19:29:02,sala1,temp,18.89,lan/sala1/sensor/temp
2025-11-14 19:29:02,sala2,temp,22.07,lan/sala2/sensor/temp
2025-11-14 19:29:04,sala1,hum,50.87,lan/sala1/sensor/hum
2025-11-14 19:29:04,sala1,temp,19.71,lan/sala1/sensor/temp
2025-11-14 19:29:04,sala2,temp,19.69,lan/sala2/sensor/temp
2025-11-14 19:29:06,sala1,hum,53.75,lan/sala1/sensor/hum
2025-11-14 19:29:06,sala1,temp,24.01,lan/sala1/sensor/temp
2025-11-14 19:29:06,sala2,temp,25.56,lan/sala2/sensor/temp
2025-11-14 19:29:08,sala1,hum,61.55,lan/sala1/sensor/hum
2025-11-14 19:29:08,sala1,temp,27.59,lan/sala1/sensor/temp
2025-11-14 19:29:08,sala2,temp,26.85,lan/sala2/sensor/temp
2025-11-14 19:29:10,sala1,hum,44.58,lan/sala1/sensor/hum
2025-11-14 19:29:10,sala1,temp,25.49,lan/sala1/sensor/temp
2025-11-14 19:29:10,sala2,temp,25.02,lan/sala2/sensor/temp
2025-11-14 19:29:12,sala1,hum,65.57,lan/sala1/sensor/hum
2025-11-14 19:29:12,sala1,temp,23.37,lan/sala1/sensor/temp
2025-11-14 19:29:12,sala2,temp,18.28,lan/sala2/sensor/temp
2025-11-14 19:29:14,sala1,hum,55.39,lan/sala1/sensor/hum
2025-11-14 19:29:14,sala1,temp,25.22,lan/sala1/sensor/temp
2025-11-14 19:29:14,sala2,temp,23.84,lan/sala2/sensor/temp
2025-11-14 19:29:16,sala1,hum,52.72,lan/sala1/sensor/hum
2025-11-14 19:29:16,sala1,temp,23.43,lan/sala1/sensor/temp
2025-11-14 19:29:16,sala2,temp,22.62,lan/sala2/sensor/temp
2025-11-14 19:29:18,sala1,hum,60.27,lan/sala1/sensor/hum
2025-11-14 19:29:18,sala1,temp,21.45,lan/sala1/sensor/temp
2025-11-14 19:29:18,sala2,temp,20.14,lan/sala2/sensor/temp
2025-11-14 19:29:20,sala1,hum,39.87,lan/sala1/sensor/hum
2025-11-14 19:29:20,sala1,temp,18.97,lan/sala1/sensor/temp
2025-11-14 19:29:20,sala2,temp,22.56,lan/sala2/sensor/temp
2025-11-14 19:29:22,sala1,hum,61.29,lan/sala1/sensor/hum
2025-11-14 19:29:22,sala1,temp,19.77,lan/sala1/sensor/temp
2025-11-14 19:29:22,sala2,temp,25.75,lan/sala2/sensor/temp
2025-11-14 19:29:24,sala1,hum,59.67,lan/sala1/sensor/hum
2025-11-14 19:29:24,sala1,temp,22.99,lan/sala1/sensor/temp
2025-11-14 19:29:24,sala2,temp,18.65,lan/sala2/sensor/temp
2025-11-14 19:29:26,sala1,hum,51.74,lan/sala1/sensor/hum
2025-11-14 19:29:26,sala1,temp,27.33,lan/sala1/sensor/temp
2025-11-14 19:29:26,sala2,temp,24.22,lan/sala2/sensor/temp
2025-11-14 19:29:28,sala1,hum,69.13,lan/sala1/sensor/hum
2025-11-14 19:29:28,sala1,temp,22.94,lan/sala1/sensor/temp
2025-11-14 19:29:28,sala2,temp,19.52,lan/sala2/sensor/temp
2025-11-14 19:29:30,sala1,hum,59.04,lan/sala1/sensor/hum
2025-11-14 19:29:30,sala1,temp,18.28,lan/sala1/sensor/temp
2025-11-14 19:29:30,sala2,temp,18.18,lan/sala2/sensor/temp
2025-11-14 19:29:32,sala1,hum,45.72,lan/sala1/sensor/hum
2025-11-14 19:29:32,sala1,temp,23.22,lan/sala1/sensor/temp
2025-11-14 19:29:32,sala2,temp,20.22,lan/sala2/sensor/temp
2025-11-14 19:29:34,sala1,hum,53.01,lan/sala1/sensor/hum
2025-11-14 19:29:34,sala1,temp,23.22,lan/sala1/sensor/temp
2025-11-14 19:29:34,sala2,temp,26.66,lan/sala2/sensor/temp
2025-11-14 19:29:36,sala1,hum,51.5,lan/sala1/sensor/hum
2025-11-14 19:29:36,sala1,temp,20.57,lan/sala1/sensor/temp
2025-11-14 19:29:36,sala2,temp,18.83,lan/sala2/sensor/temp
2025-11-14 19:29:38,sala1,hum,41.17,lan/sala1/sensor/hum
2025-11-14 19:29:38,sala1,temp,23.75,lan/sala1/sensor/temp
2025-11-14 19:29:38,sala2,temp,21.66,lan/sala2/sensor/temp
2025-11-14 19:29:40,sala1,hum,37.11,lan/sala1/sensor/hum
2025-11-14 19:29:40,sala1,temp,24.07,lan/sala1/sensor/temp
2025-11-14 19:29:40,sala2,temp,24.35,lan/sala2/sensor/temp
2025-11-14 19:29:42,sala1,hum,56.55,lan/sala1/sensor/hum
2025-11-14 19:29:42,sala1,temp,20.94,lan/sala1/sensor/temp
2025-11-14 19:29:42,sala2,temp,23.76,lan/sala2/sensor/temp
2025-11-14 19:29:44,sala1,hum,44.24,lan/sala1/sensor/hum
2025-11-14 19:29:44,sala1,temp,26.93,lan/sala1/sensor/temp
2025-11-14 19:29:44,sala2,temp,19.3,lan/sala2/sensor/temp
2025-11-14 19:29:46,sala1,hum,46.7,lan/sala1/sensor/hum
2025-11-14 19:29:46,sala1,temp,20.83,lan/sala1/sensor/temp
2025-11-14 19:29:46,sala2,temp,21.02,lan/sala2/sensor/temp
2025-11-14 19:29:48,sala1,hum,60.13,lan/sala1/sensor/hum
2025-11-14 19:29:48,sala1,temp,27.7,lan/sala1/sensor/temp
2025-11-14 19:29:48,sala2,temp,22.13,lan/sala2/sensor/temp
2025-11-14 19:29:50,sala1,hum,48.22,lan/sala1/sensor/hum
2025-11-14 19:29:50,sala1,temp,21.8,lan/sala1/sensor/temp
2025-11-14 19:29:50,sala2,temp,21.74,lan/sala2/sensor/temp
2025-11-14 19:29:52,sala1,hum,46.4,lan/sala1/sensor/hum
2025-11-14 19:29:52,sala1,temp,19.21,lan/sala1/sensor/temp
2025-11-14 19:29:52,sala2,temp,26.92,lan/sala2/sensor/temp
2025-11-14 19:29:54,sala1,hum,51.16,lan/sala1/sensor/hum
2025-11-14 19:29:54,sala1,temp,24.27,lan/sala1/sensor/temp
2025-11-14 19:29:54,sala2,temp,23.7,lan/sala2/sensor/temp
2025-11-14 19:29:56,sala1,hum,55.8,lan/sala1/sensor/hum
2025-11-14 19:29:56,sala1,temp,24.89,lan/sala1/sensor/temp
2025-11-14 19:29:56,sala2,temp,24.18,lan/sala2/sensor/temp
2025-11-14 19:29:58,sala1,hum,45.2,lan/sala1/sensor/hum
2025-11-14 19:29:58,sala1,temp,26.81,lan/sala1/sensor/temp
2025-11-14 19:29:58,sala2,temp,21.37,lan/sala2/sensor/temp
2025-11-14 19:30:00,sala1,hum,44.98,lan/sala1/sensor/hum
2025-11-14 19:30:00,sala1,temp,25.89,lan/sala1/sensor/temp
2025-11-14 19:30:00,sala2,temp,20.03,lan/sala2/sensor/temp
2025-11-14 19:30:02,sala1,hum,32.08,lan/sala1/sensor/hum
2025-11-14 19:30:02,sala1,temp,18.29,lan/sala1/sensor/temp
2025-11-14 19:30:02,sala2,temp,23.23,lan/sala2/sensor/temp
2025-11-14 19:30:04,sala1,hum,34.28,lan/sala1/sensor/hum
2025-11-14 19:30:04,sala1,temp,18.83,lan/sala1/sensor/temp
2025-11-14 19:30:04,sala2,temp,22.92,lan/sala2/sensor/temp
2025-11-14 19:30:06,sala1,hum,42.14,lan/sala1/sensor/hum
2025-11-14 19:30:06,sala1,temp,27.46,lan/sala1/sensor/temp
2025-11-14 19:30:06,sala2,temp,24.95,lan/sala2/sensor/temp
2025-11-14 19:30:08,sala1,hum,40.02,lan/sala1/sensor/hum
2025-11-14 19:30:08,sala1,temp,26.4,lan/sala1/sensor/temp
2025-11-14 19:30:08,sala2,temp,25.24,lan/sala2/sensor/temp
2025-11-14 19:30:10,sala1,hum,42.95,lan/sala1/sensor/hum
2025-11-14 19:30:10,sala1,temp,21.72,lan/sala1/sensor/temp
2025-11-14 19:30:10,sala2,temp,26.51,lan/sala2/sensor/temp
2025-11-14 19:30:12,sala1,hum,62.68,lan/sala1/sensor/hum
2025-11-14 19:30:12,sala1,temp,18.32,lan/sala1/sensor/temp
2025-11-14 19:30:12,sala2,temp,22.31,lan/sala2/sensor/temp
2025-11-14 19:30:14,sala1,hum,66.42,lan/sala1/sensor/hum
2025-11-14 19:30:14,sala1,temp,21.95,lan/sala1/sensor/temp
2025-11-14 19:30:14,sala2,temp,25.04,lan/sala2/sensor/temp
2025-11-14 19:30:16,sala1,hum,65.74,lan/sala1/sensor/hum
2025-11-14 19:30:16,sala1,temp,27.07,lan/sala1/sensor/temp
2025-11-14 19:30:16,sala2,temp,18.09,lan/sala2/sensor/temp
2025-11-14 19:30:18,sala1,hum,49.92,lan/sala1/sensor/hum
2025-11-14 19:30:18,sala1,temp,24.97,lan/sala1/sensor/temp
2025-11-14 19:30:18,sala2,temp,19.95,lan/sala2/sensor/temp
2025-11-14 19:30:20,sala1,hum,69.78,lan/sala1/sensor/hum
2025-11-14 19:30:20,sala1,temp,21.92,lan/sala1/sensor/temp
2025-11-14 19:30:20,sala2,temp,23.14,lan/sala2/sensor/temp
2025-11-14 19:30:22,sala1,hum,57.27,lan/sala1/sensor/hum
2025-11-14 19:30:22,sala1,temp,18.81,lan/sala1/sensor/temp
2025-11-14 19:30:22,sala2,temp,19.79,lan/sala2/sensor/temp
2025-11-14 19:30:24,sala1,hum,47.08,lan/sala1/sensor/hum
2025-11-14 19:30:24,sala1,temp,21.37,lan/sala1/sensor/temp
2025-11-14 19:30:24,sala2,temp,27.09,lan/sala2/sensor/temp
2025-11-14 19:30:26,sala1,hum,57.75,lan/sala1/sensor/hum
2025-11-14 19:30:26,sala1,temp,26.19,lan/sala1/sensor/temp
2025-11-14 19:30:26,sala2,temp,18.53,lan/sala2/sensor/temp
2025-11-14 19:30:28,sala1,hum,51.45,lan/sala1/sensor/hum
2025-11-14 19:30:28,sala1,temp,22.63,lan/sala1/sensor/temp
2025-11-14 19:30:28,sala2,temp,23.35,lan/sala2/sensor/temp
2025-11-14 19:30:30,sala1,hum,38.8,lan/sala1/sensor/hum
2025-11-14 19:30:30,sala1,temp,20.82,lan/sala1/sensor/temp
2025-11-14 19:30:30,sala2,temp,23.48,lan/sala2/sensor/temp
2025-11-14 19:30:32,sala1,hum,34.92,lan/sala1/sensor/hum
2025-11-14 19:30:32,sala1,temp,25.54,lan/sala1/sensor/temp
2025-11-14 19:30:32,sala2,temp,24.83,lan/sala2/sensor/temp
2025-11-14 19:30:34,sala1,hum,35.36,lan/sala1/sensor/hum
2025-11-14 19:30:34,sala1,temp,26.48,lan/sala1/sensor/temp
2025-11-14 19:30:34,sala2,temp,26.78,lan/sala2/sensor/temp
2025-11-14 19:30:36,sala1,hum,41.99,lan/sala1/sensor/hum
2025-11-14 19:30:36,sala1,temp,20.58,lan/sala1/sensor/temp
2025-11-14 19:30:36,sala2,temp,21.15,lan/sala2/sensor/temp
2025-11-14 19:30:38,sala1,hum,62.16,lan/sala1/sensor/hum
2025-11-14 19:30:38,sala1,temp,26.92,lan/sala1/sensor/temp
2025-11-14 19:30:38,sala2,temp,21.84,lan/sala2/sensor/temp
2025-11-14 19:30:40,sala1,hum,35.84,lan/sala1/sensor/hum
2025-11-14 19:30:40,sala1,temp,19.92,lan/sala1/sensor/temp
2025-11-14 19:30:40,sala2,temp,22.04,lan/sala2/sensor/temp
2025-11-14 19:30:42,sala1,hum,59.8,lan/sala1/sensor/hum
2025-11-14 19:30:42,sala1,temp,23.91,lan/sala1/sensor/temp
2025-11-14 19:30:42,sala2,temp,19.9,lan/sala2/sensor/temp
2025-11-14 19:30:44,sala1,hum,64.75,lan/sala1/sensor/hum
2025-11-14 19:30:44,sala1,temp,21.96,lan/sala1/sensor/temp
2025-11-14 19:30:44,sala2,temp,21.59,lan/sala2/sensor/temp
2025-11-14 19:30:46,sala1,hum,30.44,lan/sala1/sensor/hum
2025-11-14 19:30:46,sala1,temp,19.29,lan/sala1/sensor/temp
2025-11-14 19:30:46,sala2,temp,21.51,lan/sala2/sensor/temp
2025-11-14 19:30:48,sala1,hum,57.21,lan/sala1/sensor/hum
2025-11-14 19:30:48,sala1,temp,18.96,lan/sala1/sensor/temp
2025-11-14 19:30:48,sala2,temp,21.38,lan/sala2/sensor/temp
2025-11-14 19:30:50,sala1,hum,39.2,lan/sala1/sensor/hum
2025-11-14 19:30:50,sala1,temp,22.95,lan/sala1/sensor/temp
2025-11-14 19:30:50,sala2,temp,18.35,lan/sala2/sensor/temp
2025-11-14 19:30:52,sala1,hum,38.2,lan/sala1/sensor/hum
2025-11-14 19:30:52,sala1,temp,25.52,lan/sala1/sensor/temp
2025-11-14 19:30:52,sala2,temp,18.55,lan/sala2/sensor/temp
2025-11-14 19:30:54,sala1,hum,33.42,lan/sala1/sensor/hum
2025-11-14 19:30:54,sala2,temp,21.56,lan/sala2/sensor/temp
2025-11-14 19:30:54,sala1,temp,21.76,lan/sala1/sensor/temp
2025-11-14 19:30:56,sala1,hum,51.29,lan/sala1/sensor/hum
2025-11-14 19:30:56,sala1,temp,19.29,lan/sala1/sensor/temp
2025-11-14 19:30:56,sala2,temp,19.55,lan/sala2/sensor/temp
2025-11-14 19:30:58,sala1,hum,36.62,lan/sala1/sensor/hum
2025-11-14 19:30:58,sala2,temp,27.49,lan/sala2/sensor/temp
2025-11-14 19:30:58,sala1,temp,19.14,lan/sala1/sensor/temp
2025-11-14 19:31:00,sala1,hum,32.97,lan/sala1/sensor/hum
2025-11-14 19:31:00,sala2,temp,22.96,lan/sala2/sensor/temp
2025-11-14 19:31:00,sala1,temp,27.39,lan/sala1/sensor/temp
2025-11-14 19:31:02,sala1,hum,34.87,lan/sala1/sensor/hum
2025-11-14 19:31:02,sala2,temp,23.78,lan/sala2/sensor/temp
2025-11-14 19:31:02,sala1,temp,27.09,lan/sala1/sensor/temp
2025-11-14 19:31:04,sala1,hum,45.29,lan/sala1/sensor/hum
2025-11-14 19:31:04,sala1,temp,18.8,lan/sala1/sensor/temp
2025-11-14 19:31:04,sala2,temp,23.76,lan/sala2/sensor/temp
2025-11-14 19:31:06,sala1,hum,48.6,lan/sala1/sensor/hum
2025-11-14 19:31:06,sala2,temp,19.22,lan/sala2/sensor/temp
2025-11-14 19:31:06,sala1,temp,21.6,lan/sala1/sensor/temp
2025-11-14 19:31:08,sala1,hum,33.67,lan/sala1/sensor/hum
2025-11-14 19:31:08,sala1,temp,22.13,lan/sala1/sensor/temp
2025-11-14 19:31:08,sala2,temp,23.55,lan/sala2/sensor/temp
2025-11-14 19:31:10,sala1,hum,40.25,lan/sala1/sensor/hum
2025-11-14 19:31:10,sala2,temp,20.44,lan/sala2/sensor/temp
2025-11-14 19:31:10,sala1,temp,19.11,lan/sala1/sensor/temp
2025-11-14 19:31:12,sala1,hum,36.28,lan/sala1/sensor/hum
2025-11-14 19:31:12,sala2,temp,20.74,lan/sala2/sensor/temp
2025-11-14 19:31:12,sala1,temp,18.27,lan/sala1/sensor/temp
2025-11-14 19:31:14,sala1,hum,32.62,lan/sala1/sensor/hum
2025-11-14 19:31:14,sala2,temp,27.88,lan/sala2/sensor/temp
2025-11-14 19:31:14,sala1,temp,21.59,lan/sala1/sensor/temp
2025-11-14 19:31:16,sala1,hum,54.39,lan/sala1/sensor/hum
2025-11-14 19:31:16,sala2,temp,21.02,lan/sala2/sensor/temp
2025-11-14 19:31:16,sala1,temp,19.05,lan/sala1/sensor/temp
2025-11-14 19:31:18,sala1,hum,36.5,lan/sala1/sensor/hum
2025-11-14 19:31:18,sala2,temp,23.02,lan/sala2/sensor/temp
2025-11-14 19:31:18,sala1,temp,26.87,lan/sala1/sensor/temp
2025-11-14 19:31:20,sala1,hum,64.96,lan/sala1/sensor/hum
2025-11-14 19:31:20,sala2,temp,20.07,lan/sala2/sensor/temp
2025-11-14 19:31:20,sala1,temp,24.67,lan/sala1/sensor/temp
2025-11-14 19:31:22,sala1,hum,62.79,lan/sala1/sensor/hum
2025-11-14 19:31:22,sala2,temp,21.78,lan/sala2/sensor/temp
2025-11-14 19:31:22,sala1,temp,19.84,lan/sala1/sensor/temp
2025-11-14 19:31:24,sala1,hum,31.16,lan/sala1/sensor/hum
2025-11-14 19:31:24,sala2,temp,21.25,lan/sala2/sensor/temp
2025-11-14 19:31:24,sala1,temp,26.56,lan/sala1/sensor/temp
2025-11-14 19:31:26,sala1,hum,57.26,lan/sala1/sensor/hum
2025-11-14 19:31:26,sala2,temp,22.45,lan/sala2/sensor/temp
2025-11-14 19:31:26,sala1,temp,20.29,lan/sala1/sensor/temp
2025-11-14 19:31:28,sala1,hum,64.92,lan/sala1/sensor/hum
2025-11-14 19:31:28,sala2,temp,21.46,lan/sala2/sensor/temp
2025-11-14 19:31:28,sala1,temp,22.55,lan/sala1/sensor/temp
2025-11-14 19:31:30,sala1,hum,59.73,lan/sala1/sensor/hum
2025-11-14 19:31:30,sala2,temp,23.79,lan/sala2/sensor/temp
2025-11-14 19:31:30,sala1,temp,20.01,lan/sala1/sensor/temp
2025-11-14 19:31:32,sala1,hum,42.73,lan/sala1/sensor/hum
2025-11-14 19:31:32,sala2,temp,20.36,lan/sala2/sensor/temp
2025-11-14 19:31:32,sala1,temp,26.1,lan/sala1/sensor/temp
2025-11-14 19:31:34,sala1,hum,35.68,lan/sala1/sensor/hum
2025-11-14 19:31:34,sala2,temp,25.45,lan/sala2/sensor/temp
2025-11-14 19:31:34,sala1,temp,24.63,lan/sala1/sensor/temp
2025-11-14 19:31:36,sala1,hum,42.61,lan/sala1/sensor/hum
2025-11-14 19:31:36,sala2,temp,21.17,lan/sala2/sensor/temp
2025-11-14 19:31:36,sala1,temp,20.91,lan/sala1/sensor/temp
2025-11-14 19:31:38,sala1,hum,34.04,lan/sala1/sensor/hum
2025-11-14 19:31:38,sala2,temp,19.95,lan/sala2/sensor/temp
2025-11-14 19:31:38,sala1,temp,23.71,lan/sala1/sensor/temp
2025-11-14 19:31:40,sala1,hum,58.31,lan/sala1/sensor/hum
2025-11-14 19:31:40,sala2,temp,25.63,lan/sala2/sensor/temp
2025-11-14 19:31:40,sala1,temp,24.98,lan/sala1/sensor/temp
2025-11-14 19:31:42,sala1,hum,67.17,lan/sala1/sensor/hum
2025-11-14 19:31:42,sala2,temp,26.47,lan/sala2/sensor/temp
2025-11-14 19:31:42,sala1,temp,24.75,lan/sala1/sensor/temp
2025-11-14 19:31:44,sala1,hum,69.31,lan/sala1/sensor/hum
2025-11-14 19:31:44,sala2,temp,23.99,lan/sala2/sensor/temp
2025-11-14 19:31:44,sala1,temp,21.17,lan/sala1/sensor/temp
2025-11-14 19:31:46,sala1,hum,42.11,lan/sala1/sensor/hum
2025-11-14 19:31:46,sala2,temp,18.75,lan/sala2/sensor/temp
2025-11-14 19:31:46,sala1,temp,19.66,lan/sala1/sensor/temp
2025-11-14 19:31:48,sala1,hum,47.86,lan/sala1/sensor/hum
2025-11-14 19:31:48,sala2,temp,20.41,lan/sala2/sensor/temp
2025-11-14 19:31:48,sala1,temp,22.43,lan/sala1/sensor/temp
2025-11-14 19:31:50,sala1,hum,55.56,lan/sala1/sensor/hum
2025-11-14 19:31:50,sala2,temp,22.33,lan/sala2/sensor/temp
2025-11-14 19:31:50,sala1,temp,27.8,lan/sala1/sensor/temp
